transaction_id,timestamp,amount,merchant_category,distance_from_home,is_fraud
T0000001,2025-01-01T00:00:00Z,7.4,electronics,1.58,0
T0000002,2025-01-01T00:17:00Z,93.87,pharmacy,3.49,0
T0000003,2025-01-01T00:34:00Z,29.76,travel,10.8,0
T0000004,2025-01-01T00:51:00Z,46.97,travel,7.25,0
T0000005,2025-01-01T01:08:00Z,28.31,online_retail,18.12,0
T0000006,2025-01-01T01:25:00Z,3.01,pharmacy,1.26,0
T0000007,2025-01-01T01:42:00Z,51.93,pharmacy,4.91,0
T0000008,2025-01-01T01:59:00Z,87.35,travel,2.65,0
T0000009,2025-01-01T02:16:00Z,39.46,restaurant,23.57,0
T0000010,2025-01-01T02:33:00Z,112.91,gas,1.45,0
T0000011,2025-01-01T02:50:00Z,24.45,grocery,0.53,0
T0000012,2025-01-01T03:07:00Z,100.44,electronics,1.08,0
T0000013,2025-01-01T03:24:00Z,127.19,gas,6.89,0
T0000014,2025-01-01T03:41:00Z,56.43,gas,9.39,0
T0000015,2025-01-01T03:58:00Z,21.3,online_retail,3.71,0
T0000016,2025-01-01T04:15:00Z,32.03,electronics,3.01,0
T0000017,2025-01-01T04:32:00Z,33.24,pharmacy,1.89,0
T0000018,2025-01-01T04:49:00Z,7.78,online_retail,11.07,0
T0000019,2025-01-01T05:06:00Z,79.48,grocery,7.65,0
T0000020,2025-01-01T05:23:00Z,32.55,gas,2.48,0
T0000021,2025-01-01T05:40:00Z,25.44,travel,8.08,0
T0000022,2025-01-01T05:57:00Z,14.84,travel,6.73,0
T0000023,2025-01-01T06:14:00Z,10.63,pharmacy,0.95,0
T0000024,2025-01-01T06:31:00Z,28.65,electronics,1.78,0
T0000025,2025-01-01T06:48:00Z,14.02,restaurant,1.88,0
T0000026,2025-01-01T07:05:00Z,27.64,pharmacy,3.59,0
T0000027,2025-01-01T07:22:00Z,19.57,online_retail,3.88,0
T0000028,2025-01-01T07:39:00Z,65.82,travel,3.47,0
T0000029,2025-01-01T07:56:00Z,89.61,gas,2.39,0
T0000030,2025-01-01T08:13:00Z,38.39,travel,11.77,0
T0000031,2025-01-01T08:30:00Z,61.2,electronics,5.08,0
T0000032,2025-01-01T08:47:00Z,19.69,electronics,1.22,0
T0000033,2025-01-01T09:04:00Z,34.49,electronics,5.27,0
T0000034,2025-01-01T09:21:00Z,24.47,travel,0.5,0
T0000035,2025-01-01T09:38:00Z,11.21,electronics,3.52,0
T0000036,2025-01-01T09:55:00Z,26.51,grocery,7.64,0
T0000037,2025-01-01T10:12:00Z,59.64,restaurant,4.07,0
T0000038,2025-01-01T10:29:00Z,70.97,grocery,6.06,0
T0000039,2025-01-01T10:46:00Z,74.42,pharmacy,16.39,0
T0000040,2025-01-01T11:03:00Z,14.36,grocery,4.91,0
T0000041,2025-01-01T11:20:00Z,30.7,restaurant,9.52,0
T0000042,2025-01-01T11:37:00Z,28.32,travel,3.96,0
T0000043,2025-01-01T11:54:00Z,15.87,gas,10.2,0
T0000044,2025-01-01T12:11:00Z,107.33,travel,3.04,0
T0000045,2025-01-01T12:28:00Z,33.83,gas,17.89,0
T0000046,2025-01-01T12:45:00Z,13.59,travel,9.15,0
T0000047,2025-01-01T13:02:00Z,57.41,online_retail,0.69,0
T0000048,2025-01-01T13:19:00Z,71.09,online_retail,1.85,0
T0000049,2025-01-01T13:36:00Z,140.08,online_retail,6.41,0
T0000050,2025-01-01T13:53:00Z,15.28,electronics,1.6,0
T0000051,2025-01-01T14:10:00Z,147.66432313826505,restaurant,33.48,1
T0000052,2025-01-01T14:27:00Z,26.92,grocery,2.01,0
T0000053,2025-01-01T14:44:00Z,19.73,pharmacy,1.31,0
T0000054,2025-01-01T15:01:00Z,17.54,electronics,3.49,0
T0000055,2025-01-01T15:18:00Z,11.56,pharmacy,2.62,0
T0000056,2025-01-01T15:35:00Z,27.18,gas,2.58,0
T0000057,2025-01-01T15:52:00Z,34.11,gas,0.75,0
T0000058,2025-01-01T16:09:00Z,14.46,travel,10.2,0
T0000059,2025-01-01T16:26:00Z,5.71,electronics,2.54,0
T0000060,2025-01-01T16:43:00Z,5.92,electronics,0.48,0
T0000061,2025-01-01T17:00:00Z,18.06,electronics,0.52,0
T0000062,2025-01-01T17:17:00Z,23.76,online_retail,2.76,0
T0000063,2025-01-01T17:34:00Z,45.56,pharmacy,0.14,0
T0000064,2025-01-01T17:51:00Z,16.24,travel,4.88,0
T0000065,2025-01-01T18:08:00Z,38.93,pharmacy,19.8,0
T0000066,2025-01-01T18:25:00Z,16.42,pharmacy,1.41,0
T0000067,2025-01-01T18:42:00Z,56.39,restaurant,19.96,0
T0000068,2025-01-01T18:59:00Z,138.45,grocery,0.73,0
T0000069,2025-01-01T19:16:00Z,98.15,restaurant,5.4,0
T0000070,2025-01-01T19:33:00Z,22.99,pharmacy,9.27,0
T0000071,2025-01-01T19:50:00Z,8.01,online_retail,3.77,0
T0000072,2025-01-01T20:07:00Z,73.68,electronics,4.29,0
T0000073,2025-01-01T20:24:00Z,33.39,pharmacy,3.89,0
T0000074,2025-01-01T20:41:00Z,10.78,electronics,1.03,0
T0000075,2025-01-01T20:58:00Z,46.3,grocery,8.6,0
T0000076,2025-01-01T21:15:00Z,36.42,pharmacy,5.27,0
T0000077,2025-01-01T21:32:00Z,13.85,electronics,3.78,0
T0000078,2025-01-01T21:49:00Z,11.5,grocery,19.46,0
T0000079,2025-01-01T22:06:00Z,59.34,online_retail,3.61,0
T0000080,2025-01-01T22:23:00Z,12.06,restaurant,2.21,0
T0000081,2025-01-01T22:40:00Z,11.94,travel,3.04,0
T0000082,2025-01-01T22:57:00Z,37.32,electronics,3.02,0
T0000083,2025-01-01T23:14:00Z,17.29,pharmacy,10.26,0
T0000084,2025-01-01T23:31:00Z,18.26,grocery,4.01,0
T0000085,2025-01-01T23:48:00Z,81.99,pharmacy,1.51,0
T0000086,2025-01-02T00:05:00Z,6.09,grocery,12.62,0
T0000087,2025-01-02T00:22:00Z,43.85,grocery,10.75,0
T0000088,2025-01-02T00:39:00Z,53.69,electronics,3.31,0
T0000089,2025-01-02T00:56:00Z,257.69,gas,3.58,0
T0000090,2025-01-02T01:13:00Z,32.44,travel,1.05,0
T0000091,2025-01-02T01:30:00Z,52.71,electronics,15.41,0
T0000092,2025-01-02T01:47:00Z,53.02,pharmacy,2.21,0
T0000093,2025-01-02T02:04:00Z,51.78,online_retail,4.24,0
T0000094,2025-01-02T02:21:00Z,19.28,grocery,4.97,0
T0000095,2025-01-02T02:38:00Z,37.06,restaurant,9.86,0
T0000096,2025-01-02T02:55:00Z,15.23,travel,17.74,0
T0000097,2025-01-02T03:12:00Z,18.52,gas,7.07,0
T0000098,2025-01-02T03:29:00Z,14.44,restaurant,4.45,0
T0000099,2025-01-02T03:46:00Z,39.63,online_retail,2.41,0
T0000100,2025-01-02T04:03:00Z,41.87,online_retail,0.14,0
T0000101,2025-01-02T04:20:00Z,72.83,grocery,11.26,0
T0000102,2025-01-02T04:37:00Z,11.07,gas,1.18,0
T0000103,2025-01-02T04:54:00Z,14.69,restaurant,8.63,0
T0000104,2025-01-02T05:11:00Z,8.63,grocery,7.82,0
T0000105,2025-01-02T05:28:00Z,73.33,grocery,14.99,0
T0000106,2025-01-02T05:45:00Z,15.3,gas,6.2,0
T0000107,2025-01-02T06:02:00Z,93.84,travel,12.02,0
T0000108,2025-01-02T06:19:00Z,14.03,electronics,1.97,0
T0000109,2025-01-02T06:36:00Z,46.87,restaurant,0.3,0
T0000110,2025-01-02T06:53:00Z,7.15,gas,1.02,0
T0000111,2025-01-02T07:10:00Z,10.67,electronics,12.55,0
T0000112,2025-01-02T07:27:00Z,73.58,electronics,0.38,0
T0000113,2025-01-02T07:44:00Z,48.0,online_retail,3.85,0
T0000114,2025-01-02T08:01:00Z,37.66,restaurant,13.03,0
T0000115,2025-01-02T08:18:00Z,63.96,restaurant,3.06,0
T0000116,2025-01-02T08:35:00Z,22.7,restaurant,4.72,0
T0000117,2025-01-02T08:52:00Z,178.2706391930461,online_retail,37.78,1
T0000118,2025-01-02T09:09:00Z,23.12,online_retail,2.02,0
T0000119,2025-01-02T09:26:00Z,13.52,travel,23.57,0
T0000120,2025-01-02T09:43:00Z,28.71,restaurant,5.48,0
T0000121,2025-01-02T10:00:00Z,23.78,restaurant,2.89,0
T0000122,2025-01-02T10:17:00Z,33.99,pharmacy,1.11,0
T0000123,2025-01-02T10:34:00Z,76.42,travel,0.82,0
T0000124,2025-01-02T10:51:00Z,13.1,online_retail,4.64,0
T0000125,2025-01-02T11:08:00Z,11.69,electronics,1.77,0
T0000126,2025-01-02T11:25:00Z,22.32,gas,1.27,0
T0000127,2025-01-02T11:42:00Z,23.9,grocery,3.78,0
T0000128,2025-01-02T11:59:00Z,23.79,online_retail,7.11,0
T0000129,2025-01-02T12:16:00Z,32.44,electronics,6.01,0
T0000130,2025-01-02T12:33:00Z,80.51,gas,0.22,0
T0000131,2025-01-02T12:50:00Z,102.88,online_retail,0.99,0
T0000132,2025-01-02T13:07:00Z,15.68,grocery,1.31,0
T0000133,2025-01-02T13:24:00Z,54.71,online_retail,1.99,0
T0000134,2025-01-02T13:41:00Z,73.62,online_retail,7.16,0
T0000135,2025-01-02T13:58:00Z,72.09,gas,0.29,0
T0000136,2025-01-02T14:15:00Z,61.37,electronics,0.74,0
T0000137,2025-01-02T14:32:00Z,163.36,restaurant,16.33,0
T0000138,2025-01-02T14:49:00Z,72.16,restaurant,7.35,0
T0000139,2025-01-02T15:06:00Z,11.0,gas,2.29,0
T0000140,2025-01-02T15:23:00Z,17.62,gas,1.77,0
T0000141,2025-01-02T15:40:00Z,18.46,travel,11.96,0
T0000142,2025-01-02T15:57:00Z,43.05,travel,0.76,0
T0000143,2025-01-02T16:14:00Z,11.15,gas,1.42,0
T0000144,2025-01-02T16:31:00Z,24.77,electronics,1.47,0
T0000145,2025-01-02T16:48:00Z,20.39,restaurant,5.17,0
T0000146,2025-01-02T17:05:00Z,69.7,grocery,1.1,0
T0000147,2025-01-02T17:22:00Z,39.54,gas,3.85,0
T0000148,2025-01-02T17:39:00Z,12.28,travel,0.15,0
T0000149,2025-01-02T17:56:00Z,15.38,electronics,2.44,0
T0000150,2025-01-02T18:13:00Z,39.99,restaurant,5.67,0
T0000151,2025-01-02T18:30:00Z,10.97,gas,4.8,0
T0000152,2025-01-02T18:47:00Z,88.07,grocery,1.61,0
T0000153,2025-01-02T19:04:00Z,31.15,restaurant,8.67,0
T0000154,2025-01-02T19:21:00Z,21.6,gas,0.57,0
T0000155,2025-01-02T19:38:00Z,27.23,online_retail,3.22,0
T0000156,2025-01-02T19:55:00Z,47.5,gas,5.78,0
T0000157,2025-01-02T20:12:00Z,144.59,grocery,10.63,0
T0000158,2025-01-02T20:29:00Z,66.38,electronics,1.71,0
T0000159,2025-01-02T20:46:00Z,22.97,online_retail,7.41,0
T0000160,2025-01-02T21:03:00Z,30.2,grocery,7.52,0
T0000161,2025-01-02T21:20:00Z,116.02,travel,16.83,0
T0000162,2025-01-02T21:37:00Z,21.54,pharmacy,4.73,0
T0000163,2025-01-02T21:54:00Z,32.35,pharmacy,0.87,0
T0000164,2025-01-02T22:11:00Z,55.28,travel,3.49,0
T0000165,2025-01-02T22:28:00Z,45.2,pharmacy,2.83,0
T0000166,2025-01-02T22:45:00Z,18.95,gas,2.08,0
T0000167,2025-01-02T23:02:00Z,45.38,online_retail,2.25,0
T0000168,2025-01-02T23:19:00Z,35.6,grocery,3.91,0
T0000169,2025-01-02T23:36:00Z,38.12,travel,5.94,0
T0000170,2025-01-02T23:53:00Z,11.96,restaurant,5.84,0
T0000171,2025-01-03T00:10:00Z,19.27,online_retail,0.11,0
T0000172,2025-01-03T00:27:00Z,81.97,restaurant,3.9,0
T0000173,2025-01-03T00:44:00Z,32.68,online_retail,5.97,0
T0000174,2025-01-03T01:01:00Z,16.27,gas,2.41,0
T0000175,2025-01-03T01:18:00Z,57.31,restaurant,1.7,0
T0000176,2025-01-03T01:35:00Z,26.48,pharmacy,1.06,0
T0000177,2025-01-03T01:52:00Z,20.36,restaurant,4.68,0
T0000178,2025-01-03T02:09:00Z,27.8,grocery,4.76,0
T0000179,2025-01-03T02:26:00Z,18.77,restaurant,1.98,0
T0000180,2025-01-03T02:43:00Z,35.74,grocery,1.19,0
T0000181,2025-01-03T03:00:00Z,15.86,travel,5.42,0
T0000182,2025-01-03T03:17:00Z,8.09,restaurant,3.11,0
T0000183,2025-01-03T03:34:00Z,38.28,online_retail,5.84,0
T0000184,2025-01-03T03:51:00Z,156.44,gas,6.25,0
T0000185,2025-01-03T04:08:00Z,297.0,online_retail,0.88,0
T0000186,2025-01-03T04:25:00Z,36.69,online_retail,1.21,0
T0000187,2025-01-03T04:42:00Z,7.75,electronics,7.43,0
T0000188,2025-01-03T04:59:00Z,31.37,pharmacy,1.54,0
T0000189,2025-01-03T05:16:00Z,91.96,restaurant,3.35,0
T0000190,2025-01-03T05:33:00Z,23.87,gas,1.43,0
T0000191,2025-01-03T05:50:00Z,31.97,electronics,4.85,0
T0000192,2025-01-03T06:07:00Z,46.98,pharmacy,3.76,0
T0000193,2025-01-03T06:24:00Z,6.81,restaurant,1.51,0
T0000194,2025-01-03T06:41:00Z,18.53,pharmacy,4.12,0
T0000195,2025-01-03T06:58:00Z,14.06,pharmacy,9.26,0
T0000196,2025-01-03T07:15:00Z,14.39,travel,4.73,0
T0000197,2025-01-03T07:32:00Z,11.26,pharmacy,2.73,0
T0000198,2025-01-03T07:49:00Z,74.65,pharmacy,28.93,0
T0000199,2025-01-03T08:06:00Z,57.56,travel,5.03,0
T0000200,2025-01-03T08:23:00Z,48.16,electronics,4.98,0
T0000201,2025-01-03T08:40:00Z,15.92,gas,6.53,0
T0000202,2025-01-03T08:57:00Z,10.18,restaurant,3.95,0
T0000203,2025-01-03T09:14:00Z,44.25,gas,6.2,0
T0000204,2025-01-03T09:31:00Z,45.35,gas,12.5,0
T0000205,2025-01-03T09:48:00Z,36.93,pharmacy,3.73,0
T0000206,2025-01-03T10:05:00Z,59.3,pharmacy,1.06,0
T0000207,2025-01-03T10:22:00Z,77.98,electronics,1.3,0
T0000208,2025-01-03T10:39:00Z,19.06,grocery,4.37,0
T0000209,2025-01-03T10:56:00Z,63.22,pharmacy,1.0,0
T0000210,2025-01-03T11:13:00Z,54.35,travel,2.63,0
T0000211,2025-01-03T11:30:00Z,105.33,travel,1.88,0
T0000212,2025-01-03T11:47:00Z,138.85,restaurant,11.87,0
T0000213,2025-01-03T12:04:00Z,14.33,electronics,1.25,0
T0000214,2025-01-03T12:21:00Z,34.75,pharmacy,1.95,0
T0000215,2025-01-03T12:38:00Z,36.89,travel,0.49,0
T0000216,2025-01-03T12:55:00Z,25.13,electronics,5.27,0
T0000217,2025-01-03T13:12:00Z,50.8,restaurant,6.73,0
T0000218,2025-01-03T13:29:00Z,75.1,online_retail,3.4,0
T0000219,2025-01-03T13:46:00Z,8.31,travel,0.25,0
T0000220,2025-01-03T14:03:00Z,68.11,pharmacy,1.76,0
T0000221,2025-01-03T14:20:00Z,18.24,pharmacy,0.92,0
T0000222,2025-01-03T14:37:00Z,66.37,pharmacy,0.41,0
T0000223,2025-01-03T14:54:00Z,15.13,electronics,3.16,0
T0000224,2025-01-03T15:11:00Z,76.98,pharmacy,1.42,0
T0000225,2025-01-03T15:28:00Z,85.66,online_retail,4.35,0
T0000226,2025-01-03T15:45:00Z,52.83435780586135,restaurant,26.26,1
T0000227,2025-01-03T16:02:00Z,13.89,restaurant,4.72,0
T0000228,2025-01-03T16:19:00Z,10.3,gas,3.97,0
T0000229,2025-01-03T16:36:00Z,10.24,gas,2.72,0
T0000230,2025-01-03T16:53:00Z,9.59,pharmacy,8.44,0
T0000231,2025-01-03T17:10:00Z,16.86,electronics,2.76,0
T0000232,2025-01-03T17:27:00Z,119.51,pharmacy,12.4,0
T0000233,2025-01-03T17:44:00Z,27.74,restaurant,5.67,0
T0000234,2025-01-03T18:01:00Z,13.33,gas,9.54,0
T0000235,2025-01-03T18:18:00Z,52.64,grocery,3.3,0
T0000236,2025-01-03T18:35:00Z,11.63,gas,0.01,0
T0000237,2025-01-03T18:52:00Z,9.36,restaurant,5.44,0
T0000238,2025-01-03T19:09:00Z,33.56,grocery,0.52,0
T0000239,2025-01-03T19:26:00Z,61.68,restaurant,0.85,0
T0000240,2025-01-03T19:43:00Z,19.47,online_retail,1.22,0
T0000241,2025-01-03T20:00:00Z,41.26,pharmacy,2.9,0
T0000242,2025-01-03T20:17:00Z,39.41,electronics,11.56,0
T0000243,2025-01-03T20:34:00Z,36.69,grocery,4.37,0
T0000244,2025-01-03T20:51:00Z,51.98,pharmacy,10.71,0
T0000245,2025-01-03T21:08:00Z,151.33,grocery,4.96,0
T0000246,2025-01-03T21:25:00Z,16.56,grocery,7.98,0
T0000247,2025-01-03T21:42:00Z,20.04,restaurant,12.41,0
T0000248,2025-01-03T21:59:00Z,28.04,electronics,3.56,0
T0000249,2025-01-03T22:16:00Z,19.47,pharmacy,2.26,0
T0000250,2025-01-03T22:33:00Z,37.01,gas,0.67,0
T0000251,2025-01-03T22:50:00Z,17.51,restaurant,1.24,0
T0000252,2025-01-03T23:07:00Z,12.65,online_retail,16.48,0
T0000253,2025-01-03T23:24:00Z,18.15,restaurant,0.2,0
T0000254,2025-01-03T23:41:00Z,24.74,electronics,8.42,0
T0000255,2025-01-03T23:58:00Z,27.81,online_retail,5.68,0
T0000256,2025-01-04T00:15:00Z,27.47,travel,5.65,0
T0000257,2025-01-04T00:32:00Z,28.58,electronics,0.19,0
T0000258,2025-01-04T00:49:00Z,15.46,online_retail,3.38,0
T0000259,2025-01-04T01:06:00Z,10.4,grocery,9.01,0
T0000260,2025-01-04T01:23:00Z,26.4,grocery,0.41,0
T0000261,2025-01-04T01:40:00Z,19.25,grocery,8.37,0
T0000262,2025-01-04T01:57:00Z,283.67,electronics,1.52,0
T0000263,2025-01-04T02:14:00Z,8.93,online_retail,1.53,0
T0000264,2025-01-04T02:31:00Z,11.65,pharmacy,5.99,0
T0000265,2025-01-04T02:48:00Z,46.35,restaurant,2.66,0
T0000266,2025-01-04T03:05:00Z,38.18,pharmacy,0.98,0
T0000267,2025-01-04T03:22:00Z,10.1,travel,11.66,0
T0000268,2025-01-04T03:39:00Z,29.08,restaurant,3.37,0
T0000269,2025-01-04T03:56:00Z,23.54,pharmacy,0.36,0
T0000270,2025-01-04T04:13:00Z,27.32,travel,1.17,0
T0000271,2025-01-04T04:30:00Z,64.59,electronics,1.42,0
T0000272,2025-01-04T04:47:00Z,27.01,pharmacy,6.8,0
T0000273,2025-01-04T05:04:00Z,31.15,restaurant,4.01,0
T0000274,2025-01-04T05:21:00Z,162.62,grocery,2.9,0
T0000275,2025-01-04T05:38:00Z,64.42,pharmacy,6.86,0
T0000276,2025-01-04T05:55:00Z,29.44,electronics,6.22,0
T0000277,2025-01-04T06:12:00Z,68.06,restaurant,1.0,0
T0000278,2025-01-04T06:29:00Z,11.93,travel,12.53,0
T0000279,2025-01-04T06:46:00Z,33.98,travel,0.85,0
T0000280,2025-01-04T07:03:00Z,43.21,online_retail,12.08,0
T0000281,2025-01-04T07:20:00Z,55.75,online_retail,5.19,0
T0000282,2025-01-04T07:37:00Z,14.9,gas,2.06,0
T0000283,2025-01-04T07:54:00Z,36.73,gas,9.81,0
T0000284,2025-01-04T08:11:00Z,17.24,pharmacy,0.1,0
T0000285,2025-01-04T08:28:00Z,68.9,online_retail,8.25,0
T0000286,2025-01-04T08:45:00Z,58.35,electronics,3.0,0
T0000287,2025-01-04T09:02:00Z,38.36,gas,2.33,0
T0000288,2025-01-04T09:19:00Z,73.41,restaurant,14.78,0
T0000289,2025-01-04T09:36:00Z,3.94,restaurant,4.98,0
T0000290,2025-01-04T09:53:00Z,21.34,electronics,1.22,0
T0000291,2025-01-04T10:10:00Z,39.3,online_retail,1.33,0
T0000292,2025-01-04T10:27:00Z,168.54,restaurant,3.15,0
T0000293,2025-01-04T10:44:00Z,23.3,electronics,4.35,0
T0000294,2025-01-04T11:01:00Z,106.55,electronics,1.91,0
T0000295,2025-01-04T11:18:00Z,118.95,restaurant,2.28,0
T0000296,2025-01-04T11:35:00Z,56.3,travel,0.75,0
T0000297,2025-01-04T11:52:00Z,19.61,grocery,7.18,0
T0000298,2025-01-04T12:09:00Z,30.15,electronics,4.63,0
T0000299,2025-01-04T12:26:00Z,24.41,gas,8.99,0
T0000300,2025-01-04T12:43:00Z,28.24,electronics,6.93,0
T0000301,2025-01-04T13:00:00Z,16.49,grocery,1.77,0
T0000302,2025-01-04T13:17:00Z,52.58,restaurant,4.95,0
T0000303,2025-01-04T13:34:00Z,11.01,electronics,5.65,0
T0000304,2025-01-04T13:51:00Z,15.37,online_retail,0.54,0
T0000305,2025-01-04T14:08:00Z,32.57,restaurant,4.35,0
T0000306,2025-01-04T14:25:00Z,44.3,restaurant,0.7,0
T0000307,2025-01-04T14:42:00Z,56.91,restaurant,4.92,0
T0000308,2025-01-04T14:59:00Z,39.56,travel,1.37,0
T0000309,2025-01-04T15:16:00Z,6.52,online_retail,3.02,0
T0000310,2025-01-04T15:33:00Z,27.95,electronics,1.5,0
T0000311,2025-01-04T15:50:00Z,71.66,pharmacy,0.15,0
T0000312,2025-01-04T16:07:00Z,20.3,online_retail,16.28,0
T0000313,2025-01-04T16:24:00Z,57.79,pharmacy,3.66,0
T0000314,2025-01-04T16:41:00Z,18.53,pharmacy,2.96,0
T0000315,2025-01-04T16:58:00Z,21.54,restaurant,6.5,0
T0000316,2025-01-04T17:15:00Z,62.46,pharmacy,3.13,0
T0000317,2025-01-04T17:32:00Z,38.22,restaurant,7.18,0
T0000318,2025-01-04T17:49:00Z,27.59,travel,4.38,0
T0000319,2025-01-04T18:06:00Z,100.15,travel,4.26,0
T0000320,2025-01-04T18:23:00Z,33.16,gas,7.4,0
T0000321,2025-01-04T18:40:00Z,43.27,electronics,2.18,0
T0000322,2025-01-04T18:57:00Z,60.32,electronics,0.65,0
T0000323,2025-01-04T19:14:00Z,44.4,restaurant,20.69,0
T0000324,2025-01-04T19:31:00Z,5.57,pharmacy,0.02,0
T0000325,2025-01-04T19:48:00Z,27.59,online_retail,1.15,0
T0000326,2025-01-04T20:05:00Z,45.15,restaurant,3.72,0
T0000327,2025-01-04T20:22:00Z,11.01,restaurant,1.21,0
T0000328,2025-01-04T20:39:00Z,70.19,online_retail,0.4,0
T0000329,2025-01-04T20:56:00Z,40.52,restaurant,10.14,0
T0000330,2025-01-04T21:13:00Z,56.11,online_retail,2.5,0
T0000331,2025-01-04T21:30:00Z,33.17,restaurant,2.95,0
T0000332,2025-01-04T21:47:00Z,44.68,pharmacy,2.12,0
T0000333,2025-01-04T22:04:00Z,30.0,gas,0.88,0
T0000334,2025-01-04T22:21:00Z,24.51,travel,5.03,0
T0000335,2025-01-04T22:38:00Z,12.24,grocery,2.87,0
T0000336,2025-01-04T22:55:00Z,36.29,travel,14.06,0
T0000337,2025-01-04T23:12:00Z,43.42,travel,13.13,0
T0000338,2025-01-04T23:29:00Z,790.2003465707651,online_retail,37.32,1
T0000339,2025-01-04T23:46:00Z,15.79,electronics,1.69,0
T0000340,2025-01-05T00:03:00Z,22.88,grocery,23.36,0
T0000341,2025-01-05T00:20:00Z,36.88,restaurant,7.19,0
T0000342,2025-01-05T00:37:00Z,24.01,gas,5.5,0
T0000343,2025-01-05T00:54:00Z,99.8,online_retail,8.09,0
T0000344,2025-01-05T01:11:00Z,25.15,grocery,0.42,0
T0000345,2025-01-05T01:28:00Z,46.22,electronics,2.12,0
T0000346,2025-01-05T01:45:00Z,25.38,online_retail,1.73,0
T0000347,2025-01-05T02:02:00Z,510.5516721773425,travel,27.68,1
T0000348,2025-01-05T02:19:00Z,21.32,grocery,1.45,0
T0000349,2025-01-05T02:36:00Z,19.14,grocery,17.93,0
T0000350,2025-01-05T02:53:00Z,76.28,restaurant,11.08,0
T0000351,2025-01-05T03:10:00Z,22.47,online_retail,2.57,0
T0000352,2025-01-05T03:27:00Z,45.72721837456597,gas,38.33,1
T0000353,2025-01-05T03:44:00Z,71.39,restaurant,5.41,0
T0000354,2025-01-05T04:01:00Z,41.31,pharmacy,8.44,0
T0000355,2025-01-05T04:18:00Z,67.38,grocery,5.91,0
T0000356,2025-01-05T04:35:00Z,12.16,restaurant,1.44,0
T0000357,2025-01-05T04:52:00Z,96.98,grocery,2.58,0
T0000358,2025-01-05T05:09:00Z,34.2,pharmacy,1.27,0
T0000359,2025-01-05T05:26:00Z,86.42,pharmacy,0.41,0
T0000360,2025-01-05T05:43:00Z,7.47,gas,0.18,0
T0000361,2025-01-05T06:00:00Z,142.65,grocery,0.28,0
T0000362,2025-01-05T06:17:00Z,22.41,pharmacy,3.94,0
T0000363,2025-01-05T06:34:00Z,32.44,electronics,2.51,0
T0000364,2025-01-05T06:51:00Z,15.82,electronics,6.02,0
T0000365,2025-01-05T07:08:00Z,9.72,electronics,3.69,0
T0000366,2025-01-05T07:25:00Z,41.61,electronics,5.27,0
T0000367,2025-01-05T07:42:00Z,27.07,restaurant,6.06,0
T0000368,2025-01-05T07:59:00Z,11.72,gas,3.77,0
T0000369,2025-01-05T08:16:00Z,61.18,grocery,2.28,0
T0000370,2025-01-05T08:33:00Z,62.27,travel,10.89,0
T0000371,2025-01-05T08:50:00Z,10.62,travel,1.26,0
T0000372,2025-01-05T09:07:00Z,43.98,travel,4.18,0
T0000373,2025-01-05T09:24:00Z,45.84,electronics,15.17,0
T0000374,2025-01-05T09:41:00Z,62.69,online_retail,1.58,0
T0000375,2025-01-05T09:58:00Z,87.71,grocery,4.17,0
T0000376,2025-01-05T10:15:00Z,8.87,pharmacy,0.25,0
T0000377,2025-01-05T10:32:00Z,37.24,grocery,14.39,0
T0000378,2025-01-05T10:49:00Z,38.0,grocery,0.4,0
T0000379,2025-01-05T11:06:00Z,42.74,grocery,9.37,0
T0000380,2025-01-05T11:23:00Z,19.18,grocery,1.72,0
T0000381,2025-01-05T11:40:00Z,44.06,restaurant,2.24,0
T0000382,2025-01-05T11:57:00Z,34.14,restaurant,0.83,0
T0000383,2025-01-05T12:14:00Z,38.75,travel,15.18,0
T0000384,2025-01-05T12:31:00Z,42.84,travel,3.34,0
T0000385,2025-01-05T12:48:00Z,18.37,gas,0.88,0
T0000386,2025-01-05T13:05:00Z,52.8,electronics,8.67,0
T0000387,2025-01-05T13:22:00Z,15.72,pharmacy,0.9,0
T0000388,2025-01-05T13:39:00Z,66.25,electronics,0.94,0
T0000389,2025-01-05T13:56:00Z,55.94,grocery,3.48,0
T0000390,2025-01-05T14:13:00Z,23.34,restaurant,0.94,0
T0000391,2025-01-05T14:30:00Z,116.06,gas,1.77,0
T0000392,2025-01-05T14:47:00Z,26.85,pharmacy,3.04,0
T0000393,2025-01-05T15:04:00Z,17.14,grocery,0.31,0
T0000394,2025-01-05T15:21:00Z,48.11,pharmacy,0.99,0
T0000395,2025-01-05T15:38:00Z,3.32,restaurant,11.24,0
T0000396,2025-01-05T15:55:00Z,9.45,gas,0.47,0
T0000397,2025-01-05T16:12:00Z,20.63,online_retail,5.89,0
T0000398,2025-01-05T16:29:00Z,49.76,electronics,23.56,0
T0000399,2025-01-05T16:46:00Z,47.63,gas,4.71,0
T0000400,2025-01-05T17:03:00Z,32.25,electronics,6.78,0
T0000401,2025-01-05T17:20:00Z,4.06,gas,0.35,0
T0000402,2025-01-05T17:37:00Z,58.98,pharmacy,17.47,0
T0000403,2025-01-05T17:54:00Z,43.1,electronics,1.77,0
T0000404,2025-01-05T18:11:00Z,73.53,pharmacy,4.03,0
T0000405,2025-01-05T18:28:00Z,44.8,restaurant,18.88,0
T0000406,2025-01-05T18:45:00Z,7.9,restaurant,0.15,0
T0000407,2025-01-05T19:02:00Z,10.11,pharmacy,28.22,0
T0000408,2025-01-05T19:19:00Z,25.98,gas,0.56,0
T0000409,2025-01-05T19:36:00Z,45.95,gas,9.07,0
T0000410,2025-01-05T19:53:00Z,16.14,travel,7.9,0
T0000411,2025-01-05T20:10:00Z,45.61,restaurant,2.73,0
T0000412,2025-01-05T20:27:00Z,18.58,restaurant,5.87,0
T0000413,2025-01-05T20:44:00Z,40.77,restaurant,3.82,0
T0000414,2025-01-05T21:01:00Z,96.71,restaurant,5.15,0
T0000415,2025-01-05T21:18:00Z,17.22,pharmacy,1.97,0
T0000416,2025-01-05T21:35:00Z,16.35,travel,1.43,0
T0000417,2025-01-05T21:52:00Z,17.82,pharmacy,3.09,0
T0000418,2025-01-05T22:09:00Z,5.83,travel,2.91,0
T0000419,2025-01-05T22:26:00Z,33.92,grocery,0.22,0
T0000420,2025-01-05T22:43:00Z,48.02,travel,1.44,0
T0000421,2025-01-05T23:00:00Z,26.07,travel,6.35,0
T0000422,2025-01-05T23:17:00Z,56.74,gas,3.24,0
T0000423,2025-01-05T23:34:00Z,75.37,travel,5.02,0
T0000424,2025-01-05T23:51:00Z,33.4,restaurant,2.87,0
T0000425,2025-01-06T00:08:00Z,45.16,travel,1.91,0
T0000426,2025-01-06T00:25:00Z,19.49,gas,3.4,0
T0000427,2025-01-06T00:42:00Z,46.24,restaurant,4.34,0
T0000428,2025-01-06T00:59:00Z,27.27,grocery,5.67,0
T0000429,2025-01-06T01:16:00Z,5.09,electronics,6.17,0
T0000430,2025-01-06T01:33:00Z,61.36,electronics,3.02,0
T0000431,2025-01-06T01:50:00Z,8.91,travel,1.51,0
T0000432,2025-01-06T02:07:00Z,28.22,restaurant,22.47,0
T0000433,2025-01-06T02:24:00Z,104.63,travel,6.88,0
T0000434,2025-01-06T02:41:00Z,49.8,electronics,9.74,0
T0000435,2025-01-06T02:58:00Z,27.62,restaurant,3.69,0
T0000436,2025-01-06T03:15:00Z,115.53,restaurant,4.77,0
T0000437,2025-01-06T03:32:00Z,60.13,gas,0.44,0
T0000438,2025-01-06T03:49:00Z,22.16,online_retail,5.26,0
T0000439,2025-01-06T04:06:00Z,4.8,electronics,0.29,0
T0000440,2025-01-06T04:23:00Z,56.48,online_retail,22.86,0
T0000441,2025-01-06T04:40:00Z,90.21,online_retail,10.3,0
T0000442,2025-01-06T04:57:00Z,25.57,gas,0.9,0
T0000443,2025-01-06T05:14:00Z,36.89,pharmacy,8.22,0
T0000444,2025-01-06T05:31:00Z,4.88,pharmacy,3.73,0
T0000445,2025-01-06T05:48:00Z,48.33,online_retail,0.47,0
T0000446,2025-01-06T06:05:00Z,13.6,travel,1.95,0
T0000447,2025-01-06T06:22:00Z,34.31,restaurant,1.16,0
T0000448,2025-01-06T06:39:00Z,28.2,restaurant,0.1,0
T0000449,2025-01-06T06:56:00Z,91.95,travel,19.18,0
T0000450,2025-01-06T07:13:00Z,58.11,electronics,4.78,0
T0000451,2025-01-06T07:30:00Z,76.76,online_retail,3.01,0
T0000452,2025-01-06T07:47:00Z,32.16,online_retail,1.64,0
T0000453,2025-01-06T08:04:00Z,18.43,grocery,2.0,0
T0000454,2025-01-06T08:21:00Z,17.51,pharmacy,1.9,0
T0000455,2025-01-06T08:38:00Z,20.14,pharmacy,0.62,0
T0000456,2025-01-06T08:55:00Z,74.45,gas,0.85,0
T0000457,2025-01-06T09:12:00Z,66.67,gas,17.03,0
T0000458,2025-01-06T09:29:00Z,62.61,electronics,2.34,0
T0000459,2025-01-06T09:46:00Z,48.33,electronics,9.79,0
T0000460,2025-01-06T10:03:00Z,33.71,electronics,13.86,0
T0000461,2025-01-06T10:20:00Z,19.03,gas,8.32,0
T0000462,2025-01-06T10:37:00Z,15.27,gas,1.72,0
T0000463,2025-01-06T10:54:00Z,22.03,gas,7.1,0
T0000464,2025-01-06T11:11:00Z,4.64,electronics,15.96,0
T0000465,2025-01-06T11:28:00Z,21.81,pharmacy,11.2,0
T0000466,2025-01-06T11:45:00Z,60.96,restaurant,2.64,0
T0000467,2025-01-06T12:02:00Z,22.96,grocery,6.58,0
T0000468,2025-01-06T12:19:00Z,19.55,electronics,1.12,0
T0000469,2025-01-06T12:36:00Z,14.75,gas,4.74,0
T0000470,2025-01-06T12:53:00Z,14.65,grocery,6.05,0
T0000471,2025-01-06T13:10:00Z,49.05,pharmacy,2.21,0
T0000472,2025-01-06T13:27:00Z,37.87,pharmacy,5.86,0
T0000473,2025-01-06T13:44:00Z,7.82,travel,11.36,0
T0000474,2025-01-06T14:01:00Z,19.61,pharmacy,2.85,0
T0000475,2025-01-06T14:18:00Z,41.97,gas,3.18,0
T0000476,2025-01-06T14:35:00Z,14.9,grocery,3.48,0
T0000477,2025-01-06T14:52:00Z,69.13,grocery,0.31,0
T0000478,2025-01-06T15:09:00Z,104.58,electronics,10.8,0
T0000479,2025-01-06T15:26:00Z,19.94,electronics,2.41,0
T0000480,2025-01-06T15:43:00Z,126.01,restaurant,6.18,0
T0000481,2025-01-06T16:00:00Z,74.56,gas,5.51,0
T0000482,2025-01-06T16:17:00Z,3.93,online_retail,0.03,0
T0000483,2025-01-06T16:34:00Z,93.4,online_retail,0.36,0
T0000484,2025-01-06T16:51:00Z,32.87,grocery,2.33,0
T0000485,2025-01-06T17:08:00Z,44.12,grocery,5.04,0
T0000486,2025-01-06T17:25:00Z,14.98,gas,7.37,0
T0000487,2025-01-06T17:42:00Z,11.67,pharmacy,0.23,0
T0000488,2025-01-06T17:59:00Z,27.34,restaurant,1.31,0
T0000489,2025-01-06T18:16:00Z,39.66,gas,19.54,0
T0000490,2025-01-06T18:33:00Z,48.11,travel,3.74,0
T0000491,2025-01-06T18:50:00Z,142.25,pharmacy,2.51,0
T0000492,2025-01-06T19:07:00Z,18.98,grocery,1.3,0
T0000493,2025-01-06T19:24:00Z,18.81,pharmacy,1.82,0
T0000494,2025-01-06T19:41:00Z,24.75,travel,0.5,0
T0000495,2025-01-06T19:58:00Z,20.86,gas,3.11,0
T0000496,2025-01-06T20:15:00Z,6.73,restaurant,7.69,0
T0000497,2025-01-06T20:32:00Z,70.63,pharmacy,12.7,0
T0000498,2025-01-06T20:49:00Z,6.97,gas,15.1,0
T0000499,2025-01-06T21:06:00Z,18.26,travel,10.68,0
T0000500,2025-01-06T21:23:00Z,39.69,grocery,1.36,0
T0000501,2025-01-06T21:40:00Z,38.03,online_retail,0.47,0
T0000502,2025-01-06T21:57:00Z,12.59,online_retail,7.32,0
T0000503,2025-01-06T22:14:00Z,26.71,pharmacy,4.07,0
T0000504,2025-01-06T22:31:00Z,17.01,online_retail,0.03,0
T0000505,2025-01-06T22:48:00Z,41.73,online_retail,11.89,0
T0000506,2025-01-06T23:05:00Z,46.7,gas,0.82,0
T0000507,2025-01-06T23:22:00Z,53.72,pharmacy,0.13,0
T0000508,2025-01-06T23:39:00Z,62.98,travel,4.18,0
T0000509,2025-01-06T23:56:00Z,323.82,electronics,0.06,0
T0000510,2025-01-07T00:13:00Z,17.28,grocery,2.34,0
T0000511,2025-01-07T00:30:00Z,22.9,gas,0.76,0
T0000512,2025-01-07T00:47:00Z,67.5,online_retail,0.16,0
T0000513,2025-01-07T01:04:00Z,80.14,travel,5.06,0
T0000514,2025-01-07T01:21:00Z,28.56,online_retail,3.56,0
T0000515,2025-01-07T01:38:00Z,24.87,electronics,2.65,0
T0000516,2025-01-07T01:55:00Z,52.2,pharmacy,0.37,0
T0000517,2025-01-07T02:12:00Z,54.68,travel,0.64,0
T0000518,2025-01-07T02:29:00Z,34.85,electronics,7.77,0
T0000519,2025-01-07T02:46:00Z,35.97,travel,1.01,0
T0000520,2025-01-07T03:03:00Z,60.98,grocery,3.7,0
T0000521,2025-01-07T03:20:00Z,10.11,travel,3.3,0
T0000522,2025-01-07T03:37:00Z,86.21,online_retail,10.1,0
T0000523,2025-01-07T03:54:00Z,8.38,restaurant,1.03,0
T0000524,2025-01-07T04:11:00Z,46.76,restaurant,3.03,0
T0000525,2025-01-07T04:28:00Z,28.97,gas,14.61,0
T0000526,2025-01-07T04:45:00Z,32.06,pharmacy,9.81,0
T0000527,2025-01-07T05:02:00Z,62.96,online_retail,1.45,0
T0000528,2025-01-07T05:19:00Z,24.31,electronics,4.13,0
T0000529,2025-01-07T05:36:00Z,11.65,grocery,1.82,0
T0000530,2025-01-07T05:53:00Z,194.42,pharmacy,9.85,0
T0000531,2025-01-07T06:10:00Z,19.83,pharmacy,5.15,0
T0000532,2025-01-07T06:27:00Z,8.02,restaurant,4.64,0
T0000533,2025-01-07T06:44:00Z,49.99,pharmacy,0.07,0
T0000534,2025-01-07T07:01:00Z,102.8,restaurant,0.89,0
T0000535,2025-01-07T07:18:00Z,23.56,restaurant,1.14,0
T0000536,2025-01-07T07:35:00Z,180.73,restaurant,22.82,0
T0000537,2025-01-07T07:52:00Z,15.43,grocery,15.58,0
T0000538,2025-01-07T08:09:00Z,8.76,travel,5.7,0
T0000539,2025-01-07T08:26:00Z,45.27,pharmacy,0.93,0
T0000540,2025-01-07T08:43:00Z,163.64,travel,0.11,0
T0000541,2025-01-07T09:00:00Z,28.95,online_retail,1.79,0
T0000542,2025-01-07T09:17:00Z,65.01,travel,0.92,0
T0000543,2025-01-07T09:34:00Z,57.37,restaurant,1.1,0
T0000544,2025-01-07T09:51:00Z,30.64,travel,11.23,0
T0000545,2025-01-07T10:08:00Z,42.71,restaurant,13.91,0
T0000546,2025-01-07T10:25:00Z,41.37,restaurant,11.71,0
T0000547,2025-01-07T10:42:00Z,19.43,grocery,4.34,0
T0000548,2025-01-07T10:59:00Z,59.68,restaurant,0.35,0
T0000549,2025-01-07T11:16:00Z,87.56,restaurant,19.56,0
T0000550,2025-01-07T11:33:00Z,23.52,restaurant,13.34,0
T0000551,2025-01-07T11:50:00Z,58.33,travel,18.09,0
T0000552,2025-01-07T12:07:00Z,40.74,travel,3.23,0
T0000553,2025-01-07T12:24:00Z,26.42,grocery,1.92,0
T0000554,2025-01-07T12:41:00Z,19.88,gas,15.27,0
T0000555,2025-01-07T12:58:00Z,22.18,electronics,2.29,0
T0000556,2025-01-07T13:15:00Z,26.7,pharmacy,2.85,0
T0000557,2025-01-07T13:32:00Z,39.88,grocery,33.13,0
T0000558,2025-01-07T13:49:00Z,31.8,travel,0.81,0
T0000559,2025-01-07T14:06:00Z,38.49,travel,8.45,0
T0000560,2025-01-07T14:23:00Z,84.39,travel,2.6,0
T0000561,2025-01-07T14:40:00Z,18.96,restaurant,1.91,0
T0000562,2025-01-07T14:57:00Z,11.62,pharmacy,3.89,0
T0000563,2025-01-07T15:14:00Z,77.5,restaurant,7.98,0
T0000564,2025-01-07T15:31:00Z,18.87,online_retail,7.84,0
T0000565,2025-01-07T15:48:00Z,215.47,gas,3.41,0
T0000566,2025-01-07T16:05:00Z,27.33,online_retail,3.0,0
T0000567,2025-01-07T16:22:00Z,45.1,grocery,22.68,0
T0000568,2025-01-07T16:39:00Z,11.74,pharmacy,4.62,0
T0000569,2025-01-07T16:56:00Z,40.58,online_retail,2.44,0
T0000570,2025-01-07T17:13:00Z,29.51,electronics,7.23,0
T0000571,2025-01-07T17:30:00Z,37.84,gas,12.81,0
T0000572,2025-01-07T17:47:00Z,18.08,grocery,9.29,0
T0000573,2025-01-07T18:04:00Z,8.34,pharmacy,7.65,0
T0000574,2025-01-07T18:21:00Z,82.5,electronics,11.6,0
T0000575,2025-01-07T18:38:00Z,352.3,online_retail,6.19,0
T0000576,2025-01-07T18:55:00Z,51.39,electronics,18.48,0
T0000577,2025-01-07T19:12:00Z,25.19,gas,1.92,0
T0000578,2025-01-07T19:29:00Z,31.61,grocery,7.88,0
T0000579,2025-01-07T19:46:00Z,19.78,travel,2.64,0
T0000580,2025-01-07T20:03:00Z,13.92,travel,8.91,0
T0000581,2025-01-07T20:20:00Z,56.58,travel,6.85,0
T0000582,2025-01-07T20:37:00Z,52.39,restaurant,10.92,0
T0000583,2025-01-07T20:54:00Z,25.27,grocery,4.99,0
T0000584,2025-01-07T21:11:00Z,75.98,gas,10.92,0
T0000585,2025-01-07T21:28:00Z,31.12,restaurant,11.59,0
T0000586,2025-01-07T21:45:00Z,83.17,electronics,5.56,0
T0000587,2025-01-07T22:02:00Z,54.98,electronics,6.03,0
T0000588,2025-01-07T22:19:00Z,13.57,electronics,9.74,0
T0000589,2025-01-07T22:36:00Z,57.54,electronics,1.33,0
T0000590,2025-01-07T22:53:00Z,13.66,grocery,0.49,0
T0000591,2025-01-07T23:10:00Z,61.16,travel,0.23,0
T0000592,2025-01-07T23:27:00Z,73.12,restaurant,3.32,0
T0000593,2025-01-07T23:44:00Z,59.2,grocery,11.64,0
T0000594,2025-01-08T00:01:00Z,103.6,electronics,3.45,0
T0000595,2025-01-08T00:18:00Z,109.42,grocery,2.67,0
T0000596,2025-01-08T00:35:00Z,17.31,restaurant,40.68,0
T0000597,2025-01-08T00:52:00Z,26.33,electronics,0.09,0
T0000598,2025-01-08T01:09:00Z,29.87,electronics,0.18,0
T0000599,2025-01-08T01:26:00Z,16.1,pharmacy,0.78,0
T0000600,2025-01-08T01:43:00Z,34.48,restaurant,1.0,0
T0000601,2025-01-08T02:00:00Z,23.48,electronics,0.71,0
T0000602,2025-01-08T02:17:00Z,29.68,pharmacy,0.9,0
T0000603,2025-01-08T02:34:00Z,45.65,online_retail,3.6,0
T0000604,2025-01-08T02:51:00Z,83.11,pharmacy,1.78,0
T0000605,2025-01-08T03:08:00Z,264.14,travel,11.63,0
T0000606,2025-01-08T03:25:00Z,18.26,pharmacy,18.5,0
T0000607,2025-01-08T03:42:00Z,11.58,grocery,2.72,0
T0000608,2025-01-08T03:59:00Z,42.13,grocery,2.56,0
T0000609,2025-01-08T04:16:00Z,17.06,electronics,2.19,0
T0000610,2025-01-08T04:33:00Z,2.76,electronics,6.8,0
T0000611,2025-01-08T04:50:00Z,38.69,restaurant,1.32,0
T0000612,2025-01-08T05:07:00Z,8.2,online_retail,2.48,0
T0000613,2025-01-08T05:24:00Z,51.11,restaurant,10.43,0
T0000614,2025-01-08T05:41:00Z,31.53,electronics,1.95,0
T0000615,2025-01-08T05:58:00Z,28.49,gas,12.55,0
T0000616,2025-01-08T06:15:00Z,12.47,gas,0.99,0
T0000617,2025-01-08T06:32:00Z,23.74,travel,4.59,0
T0000618,2025-01-08T06:49:00Z,6.05,pharmacy,2.17,0
T0000619,2025-01-08T07:06:00Z,44.84,gas,10.95,0
T0000620,2025-01-08T07:23:00Z,16.94,grocery,2.64,0
T0000621,2025-01-08T07:40:00Z,40.68,restaurant,1.72,0
T0000622,2025-01-08T07:57:00Z,42.17,restaurant,3.19,0
T0000623,2025-01-08T08:14:00Z,40.79,online_retail,0.55,0
T0000624,2025-01-08T08:31:00Z,294.62,electronics,30.97,0
T0000625,2025-01-08T08:48:00Z,17.52,pharmacy,3.05,0
T0000626,2025-01-08T09:05:00Z,6.56,pharmacy,0.72,0
T0000627,2025-01-08T09:22:00Z,22.36,travel,0.45,0
T0000628,2025-01-08T09:39:00Z,12.49,travel,2.12,0
T0000629,2025-01-08T09:56:00Z,7.53,online_retail,17.99,0
T0000630,2025-01-08T10:13:00Z,29.1,online_retail,14.05,0
T0000631,2025-01-08T10:30:00Z,24.63,restaurant,30.87,0
T0000632,2025-01-08T10:47:00Z,9.85,restaurant,4.15,0
T0000633,2025-01-08T11:04:00Z,129.23260166223133,travel,51.72,1
T0000634,2025-01-08T11:21:00Z,41.95,gas,0.86,0
T0000635,2025-01-08T11:38:00Z,9.16,gas,3.99,0
T0000636,2025-01-08T11:55:00Z,22.16,restaurant,1.63,0
T0000637,2025-01-08T12:12:00Z,5.32,pharmacy,0.48,0
T0000638,2025-01-08T12:29:00Z,50.69,electronics,7.32,0
T0000639,2025-01-08T12:46:00Z,65.28,grocery,2.3,0
T0000640,2025-01-08T13:03:00Z,11.62,online_retail,11.12,0
T0000641,2025-01-08T13:20:00Z,23.34,online_retail,9.66,0
T0000642,2025-01-08T13:37:00Z,17.85,restaurant,0.22,0
T0000643,2025-01-08T13:54:00Z,97.49,restaurant,10.0,0
T0000644,2025-01-08T14:11:00Z,70.46,grocery,7.1,0
T0000645,2025-01-08T14:28:00Z,28.03,gas,5.47,0
T0000646,2025-01-08T14:45:00Z,22.21,gas,0.84,0
T0000647,2025-01-08T15:02:00Z,50.3,pharmacy,2.28,0
T0000648,2025-01-08T15:19:00Z,181.42,online_retail,10.64,0
T0000649,2025-01-08T15:36:00Z,50.79,restaurant,22.03,0
T0000650,2025-01-08T15:53:00Z,40.56,online_retail,23.83,0
T0000651,2025-01-08T16:10:00Z,6.04,electronics,1.96,0
T0000652,2025-01-08T16:27:00Z,34.86,online_retail,6.05,0
T0000653,2025-01-08T16:44:00Z,17.6,restaurant,3.35,0
T0000654,2025-01-08T17:01:00Z,38.52,online_retail,7.44,0
T0000655,2025-01-08T17:18:00Z,143.79,gas,1.9,0
T0000656,2025-01-08T17:35:00Z,32.29,online_retail,4.97,0
T0000657,2025-01-08T17:52:00Z,60.09,grocery,1.32,0
T0000658,2025-01-08T18:09:00Z,35.17,grocery,1.22,0
T0000659,2025-01-08T18:26:00Z,18.34,travel,7.93,0
T0000660,2025-01-08T18:43:00Z,36.31,restaurant,3.19,0
T0000661,2025-01-08T19:00:00Z,59.08,restaurant,4.24,0
T0000662,2025-01-08T19:17:00Z,10.29,online_retail,0.59,0
T0000663,2025-01-08T19:34:00Z,19.89,electronics,19.21,0
T0000664,2025-01-08T19:51:00Z,52.42,restaurant,0.39,0
T0000665,2025-01-08T20:08:00Z,54.67,grocery,3.92,0
T0000666,2025-01-08T20:25:00Z,110.72,grocery,3.77,0
T0000667,2025-01-08T20:42:00Z,24.91,gas,4.16,0
T0000668,2025-01-08T20:59:00Z,30.66,grocery,2.17,0
T0000669,2025-01-08T21:16:00Z,13.36,grocery,2.83,0
T0000670,2025-01-08T21:33:00Z,16.6,pharmacy,5.35,0
T0000671,2025-01-08T21:50:00Z,11.41,electronics,5.02,0
T0000672,2025-01-08T22:07:00Z,36.74,grocery,5.05,0
T0000673,2025-01-08T22:24:00Z,37.47,gas,3.75,0
T0000674,2025-01-08T22:41:00Z,58.58,grocery,1.22,0
T0000675,2025-01-08T22:58:00Z,23.21,travel,2.83,0
T0000676,2025-01-08T23:15:00Z,37.57,electronics,7.02,0
T0000677,2025-01-08T23:32:00Z,2.6,electronics,1.18,0
T0000678,2025-01-08T23:49:00Z,39.23,gas,14.08,0
T0000679,2025-01-09T00:06:00Z,47.99,gas,3.38,0
T0000680,2025-01-09T00:23:00Z,31.07,travel,0.42,0
T0000681,2025-01-09T00:40:00Z,6.7,gas,3.09,0
T0000682,2025-01-09T00:57:00Z,19.28,gas,1.9,0
T0000683,2025-01-09T01:14:00Z,60.22,pharmacy,7.47,0
T0000684,2025-01-09T01:31:00Z,29.38,pharmacy,7.37,0
T0000685,2025-01-09T01:48:00Z,22.44,restaurant,8.26,0
T0000686,2025-01-09T02:05:00Z,43.28,electronics,3.6,0
T0000687,2025-01-09T02:22:00Z,9.04,electronics,6.12,0
T0000688,2025-01-09T02:39:00Z,22.24,grocery,5.42,0
T0000689,2025-01-09T02:56:00Z,57.39,gas,0.58,0
T0000690,2025-01-09T03:13:00Z,57.6,travel,6.36,0
T0000691,2025-01-09T03:30:00Z,58.02,restaurant,12.58,0
T0000692,2025-01-09T03:47:00Z,6.22,online_retail,1.01,0
T0000693,2025-01-09T04:04:00Z,12.12,pharmacy,1.73,0
T0000694,2025-01-09T04:21:00Z,48.61,grocery,10.54,0
T0000695,2025-01-09T04:38:00Z,5.86,grocery,4.49,0
T0000696,2025-01-09T04:55:00Z,40.32,grocery,5.97,0
T0000697,2025-01-09T05:12:00Z,249.70203584236222,electronics,26.74,1
T0000698,2025-01-09T05:29:00Z,120.66,pharmacy,0.32,0
T0000699,2025-01-09T05:46:00Z,51.87,grocery,0.68,0
T0000700,2025-01-09T06:03:00Z,25.2,pharmacy,5.46,0
T0000701,2025-01-09T06:20:00Z,87.93,grocery,13.89,0
T0000702,2025-01-09T06:37:00Z,60.57,electronics,5.12,0
T0000703,2025-01-09T06:54:00Z,17.82,grocery,5.7,0
T0000704,2025-01-09T07:11:00Z,126.43,travel,0.12,0
T0000705,2025-01-09T07:28:00Z,49.86,online_retail,2.28,0
T0000706,2025-01-09T07:45:00Z,11.68,travel,3.48,0
T0000707,2025-01-09T08:02:00Z,5.61,gas,2.34,0
T0000708,2025-01-09T08:19:00Z,24.42,gas,1.14,0
T0000709,2025-01-09T08:36:00Z,29.42,restaurant,10.13,0
T0000710,2025-01-09T08:53:00Z,8.54,electronics,0.32,0
T0000711,2025-01-09T09:10:00Z,42.5,online_retail,7.82,0
T0000712,2025-01-09T09:27:00Z,93.92,restaurant,0.17,0
T0000713,2025-01-09T09:44:00Z,66.98877500356565,grocery,36.89,1
T0000714,2025-01-09T10:01:00Z,118.18,electronics,3.4,0
T0000715,2025-01-09T10:18:00Z,21.17,online_retail,11.46,0
T0000716,2025-01-09T10:35:00Z,16.44,online_retail,5.08,0
T0000717,2025-01-09T10:52:00Z,42.57,pharmacy,14.06,0
T0000718,2025-01-09T11:09:00Z,7.25,gas,5.99,0
T0000719,2025-01-09T11:26:00Z,16.17,electronics,6.18,0
T0000720,2025-01-09T11:43:00Z,7.52,electronics,0.94,0
T0000721,2025-01-09T12:00:00Z,26.93,grocery,9.26,0
T0000722,2025-01-09T12:17:00Z,13.68,online_retail,0.93,0
T0000723,2025-01-09T12:34:00Z,36.1,online_retail,13.61,0
T0000724,2025-01-09T12:51:00Z,12.79,gas,3.89,0
T0000725,2025-01-09T13:08:00Z,403.7,electronics,2.46,0
T0000726,2025-01-09T13:25:00Z,23.84,online_retail,14.05,0
T0000727,2025-01-09T13:42:00Z,7.85,grocery,2.11,0
T0000728,2025-01-09T13:59:00Z,42.69,restaurant,2.35,0
T0000729,2025-01-09T14:16:00Z,87.6,gas,1.35,0
T0000730,2025-01-09T14:33:00Z,61.07,restaurant,2.78,0
T0000731,2025-01-09T14:50:00Z,21.45,restaurant,1.16,0
T0000732,2025-01-09T15:07:00Z,17.87,pharmacy,3.2,0
T0000733,2025-01-09T15:24:00Z,92.89,travel,0.81,0
T0000734,2025-01-09T15:41:00Z,18.05,pharmacy,0.39,0
T0000735,2025-01-09T15:58:00Z,85.83,travel,0.26,0
T0000736,2025-01-09T16:15:00Z,15.83,grocery,3.03,0
T0000737,2025-01-09T16:32:00Z,30.56,travel,6.76,0
T0000738,2025-01-09T16:49:00Z,6.27,electronics,4.07,0
T0000739,2025-01-09T17:06:00Z,13.51,travel,7.69,0
T0000740,2025-01-09T17:23:00Z,26.36,grocery,1.99,0
T0000741,2025-01-09T17:40:00Z,42.45,travel,2.63,0
T0000742,2025-01-09T17:57:00Z,13.27,electronics,4.38,0
T0000743,2025-01-09T18:14:00Z,33.75,electronics,3.67,0
T0000744,2025-01-09T18:31:00Z,49.1,online_retail,2.14,0
T0000745,2025-01-09T18:48:00Z,11.77,electronics,1.38,0
T0000746,2025-01-09T19:05:00Z,24.92,restaurant,0.22,0
T0000747,2025-01-09T19:22:00Z,32.43,restaurant,0.96,0
T0000748,2025-01-09T19:39:00Z,69.43,grocery,13.34,0
T0000749,2025-01-09T19:56:00Z,25.16,gas,5.33,0
T0000750,2025-01-09T20:13:00Z,52.48,online_retail,3.2,0
T0000751,2025-01-09T20:30:00Z,22.3,pharmacy,12.12,0
T0000752,2025-01-09T20:47:00Z,85.04,grocery,9.99,0
T0000753,2025-01-09T21:04:00Z,29.21,pharmacy,3.64,0
T0000754,2025-01-09T21:21:00Z,74.82,online_retail,0.52,0
T0000755,2025-01-09T21:38:00Z,159.05,restaurant,4.35,0
T0000756,2025-01-09T21:55:00Z,8.51,pharmacy,0.62,0
T0000757,2025-01-09T22:12:00Z,39.4,electronics,2.13,0
T0000758,2025-01-09T22:29:00Z,59.13,online_retail,3.59,0
T0000759,2025-01-09T22:46:00Z,44.46,online_retail,1.14,0
T0000760,2025-01-09T23:03:00Z,32.24,pharmacy,11.87,0
T0000761,2025-01-09T23:20:00Z,18.89,pharmacy,0.13,0
T0000762,2025-01-09T23:37:00Z,16.89,gas,5.08,0
T0000763,2025-01-09T23:54:00Z,40.82,gas,0.8,0
T0000764,2025-01-10T00:11:00Z,62.04,grocery,3.58,0
T0000765,2025-01-10T00:28:00Z,63.26,pharmacy,0.45,0
T0000766,2025-01-10T00:45:00Z,32.79,grocery,15.78,0
T0000767,2025-01-10T01:02:00Z,35.74,online_retail,2.49,0
T0000768,2025-01-10T01:19:00Z,33.69,travel,7.59,0
T0000769,2025-01-10T01:36:00Z,182.6,grocery,1.36,0
T0000770,2025-01-10T01:53:00Z,10.9,electronics,1.28,0
T0000771,2025-01-10T02:10:00Z,3.91,restaurant,1.41,0
T0000772,2025-01-10T02:27:00Z,61.59,travel,1.97,0
T0000773,2025-01-10T02:44:00Z,19.2,travel,0.58,0
T0000774,2025-01-10T03:01:00Z,17.29,online_retail,2.04,0
T0000775,2025-01-10T03:18:00Z,15.52,travel,2.62,0
T0000776,2025-01-10T03:35:00Z,16.7,restaurant,1.89,0
T0000777,2025-01-10T03:52:00Z,39.56,gas,1.27,0
T0000778,2025-01-10T04:09:00Z,5.03,electronics,1.13,0
T0000779,2025-01-10T04:26:00Z,38.57,gas,0.08,0
T0000780,2025-01-10T04:43:00Z,17.66,grocery,6.11,0
T0000781,2025-01-10T05:00:00Z,47.88,gas,6.11,0
T0000782,2025-01-10T05:17:00Z,87.22,pharmacy,9.5,0
T0000783,2025-01-10T05:34:00Z,79.72,electronics,17.17,0
T0000784,2025-01-10T05:51:00Z,44.01,pharmacy,5.09,0
T0000785,2025-01-10T06:08:00Z,26.46,travel,11.07,0
T0000786,2025-01-10T06:25:00Z,3.4,grocery,0.33,0
T0000787,2025-01-10T06:42:00Z,46.15,pharmacy,0.4,0
T0000788,2025-01-10T06:59:00Z,44.96,restaurant,0.08,0
T0000789,2025-01-10T07:16:00Z,33.6,travel,15.24,0
T0000790,2025-01-10T07:33:00Z,7.13,electronics,6.0,0
T0000791,2025-01-10T07:50:00Z,20.9,gas,14.32,0
T0000792,2025-01-10T08:07:00Z,16.22,grocery,0.6,0
T0000793,2025-01-10T08:24:00Z,100.06,restaurant,15.76,0
T0000794,2025-01-10T08:41:00Z,36.31,pharmacy,11.05,0
T0000795,2025-01-10T08:58:00Z,13.68,grocery,0.9,0
T0000796,2025-01-10T09:15:00Z,11.0,pharmacy,8.88,0
T0000797,2025-01-10T09:32:00Z,30.0,pharmacy,14.45,0
T0000798,2025-01-10T09:49:00Z,19.45,gas,2.27,0
T0000799,2025-01-10T10:06:00Z,16.65,online_retail,0.91,0
T0000800,2025-01-10T10:23:00Z,53.89,travel,11.86,0
T0000801,2025-01-10T10:40:00Z,56.16,online_retail,0.69,0
T0000802,2025-01-10T10:57:00Z,35.62,gas,0.16,0
T0000803,2025-01-10T11:14:00Z,26.11,restaurant,1.2,0
T0000804,2025-01-10T11:31:00Z,37.99,grocery,0.26,0
T0000805,2025-01-10T11:48:00Z,139.93,grocery,4.98,0
T0000806,2025-01-10T12:05:00Z,13.06,pharmacy,3.6,0
T0000807,2025-01-10T12:22:00Z,12.23,electronics,0.76,0
T0000808,2025-01-10T12:39:00Z,133.57,travel,1.95,0
T0000809,2025-01-10T12:56:00Z,65.29,travel,9.67,0
T0000810,2025-01-10T13:13:00Z,14.36,grocery,5.46,0
T0000811,2025-01-10T13:30:00Z,45.34,electronics,5.77,0
T0000812,2025-01-10T13:47:00Z,18.64,grocery,12.81,0
T0000813,2025-01-10T14:04:00Z,109.07,pharmacy,18.51,0
T0000814,2025-01-10T14:21:00Z,47.76,electronics,0.6,0
T0000815,2025-01-10T14:38:00Z,103.9,pharmacy,9.99,0
T0000816,2025-01-10T14:55:00Z,52.39,restaurant,0.61,0
T0000817,2025-01-10T15:12:00Z,39.36,gas,2.72,0
T0000818,2025-01-10T15:29:00Z,72.49,travel,4.15,0
T0000819,2025-01-10T15:46:00Z,83.9,restaurant,2.72,0
T0000820,2025-01-10T16:03:00Z,25.67,electronics,4.58,0
T0000821,2025-01-10T16:20:00Z,8.23,grocery,1.52,0
T0000822,2025-01-10T16:37:00Z,53.08,restaurant,0.57,0
T0000823,2025-01-10T16:54:00Z,10.99,gas,2.53,0
T0000824,2025-01-10T17:11:00Z,242.38,restaurant,0.66,0
T0000825,2025-01-10T17:28:00Z,39.58,online_retail,2.52,0
T0000826,2025-01-10T17:45:00Z,168.57,pharmacy,0.37,0
T0000827,2025-01-10T18:02:00Z,13.85,grocery,1.19,0
T0000828,2025-01-10T18:19:00Z,89.44,grocery,1.44,0
T0000829,2025-01-10T18:36:00Z,32.03,gas,5.63,0
T0000830,2025-01-10T18:53:00Z,45.4,pharmacy,4.86,0
T0000831,2025-01-10T19:10:00Z,11.65,grocery,6.27,0
T0000832,2025-01-10T19:27:00Z,129.64,grocery,2.91,0
T0000833,2025-01-10T19:44:00Z,81.46,travel,22.14,0
T0000834,2025-01-10T20:01:00Z,19.08,restaurant,12.99,0
T0000835,2025-01-10T20:18:00Z,49.36,gas,9.29,0
T0000836,2025-01-10T20:35:00Z,12.32,travel,16.18,0
T0000837,2025-01-10T20:52:00Z,121.53,restaurant,1.81,0
T0000838,2025-01-10T21:09:00Z,23.31,electronics,3.17,0
T0000839,2025-01-10T21:26:00Z,8.86,online_retail,0.36,0
T0000840,2025-01-10T21:43:00Z,26.1,pharmacy,7.4,0
T0000841,2025-01-10T22:00:00Z,17.14,grocery,0.79,0
T0000842,2025-01-10T22:17:00Z,21.36,grocery,5.7,0
T0000843,2025-01-10T22:34:00Z,31.89,gas,2.25,0
T0000844,2025-01-10T22:51:00Z,35.73,pharmacy,3.42,0
T0000845,2025-01-10T23:08:00Z,53.06,gas,1.07,0
T0000846,2025-01-10T23:25:00Z,11.25,pharmacy,0.76,0
T0000847,2025-01-10T23:42:00Z,48.69,travel,8.35,0
T0000848,2025-01-10T23:59:00Z,38.81,travel,7.55,0
T0000849,2025-01-11T00:16:00Z,8.92,electronics,2.05,0
T0000850,2025-01-11T00:33:00Z,60.17,electronics,2.84,0
T0000851,2025-01-11T00:50:00Z,15.48,grocery,13.73,0
T0000852,2025-01-11T01:07:00Z,40.55,electronics,0.33,0
T0000853,2025-01-11T01:24:00Z,72.74,grocery,5.58,0
T0000854,2025-01-11T01:41:00Z,35.88,restaurant,10.94,0
T0000855,2025-01-11T01:58:00Z,39.99,pharmacy,1.52,0
T0000856,2025-01-11T02:15:00Z,16.86,travel,4.51,0
T0000857,2025-01-11T02:32:00Z,23.18,restaurant,4.48,0
T0000858,2025-01-11T02:49:00Z,11.6,travel,9.04,0
T0000859,2025-01-11T03:06:00Z,28.1,gas,0.93,0
T0000860,2025-01-11T03:23:00Z,27.54,restaurant,0.05,0
T0000861,2025-01-11T03:40:00Z,36.8,travel,8.86,0
T0000862,2025-01-11T03:57:00Z,70.3,pharmacy,7.58,0
T0000863,2025-01-11T04:14:00Z,18.48,restaurant,3.79,0
T0000864,2025-01-11T04:31:00Z,21.41,travel,0.45,0
T0000865,2025-01-11T04:48:00Z,8.84,electronics,2.48,0
T0000866,2025-01-11T05:05:00Z,36.28,pharmacy,1.8,0
T0000867,2025-01-11T05:22:00Z,19.31,restaurant,1.26,0
T0000868,2025-01-11T05:39:00Z,43.38,gas,0.53,0
T0000869,2025-01-11T05:56:00Z,63.35,gas,5.11,0
T0000870,2025-01-11T06:13:00Z,33.62,travel,9.64,0
T0000871,2025-01-11T06:30:00Z,22.03,gas,5.92,0
T0000872,2025-01-11T06:47:00Z,27.52,gas,4.85,0
T0000873,2025-01-11T07:04:00Z,71.54,restaurant,13.91,0
T0000874,2025-01-11T07:21:00Z,48.61,pharmacy,1.11,0
T0000875,2025-01-11T07:38:00Z,52.94,pharmacy,2.42,0
T0000876,2025-01-11T07:55:00Z,55.8,online_retail,0.05,0
T0000877,2025-01-11T08:12:00Z,19.92,restaurant,3.8,0
T0000878,2025-01-11T08:29:00Z,11.15,restaurant,0.0,0
T0000879,2025-01-11T08:46:00Z,21.53,online_retail,2.3,0
T0000880,2025-01-11T09:03:00Z,40.13,online_retail,0.49,0
T0000881,2025-01-11T09:20:00Z,75.29,pharmacy,12.51,0
T0000882,2025-01-11T09:37:00Z,23.45,pharmacy,0.81,0
T0000883,2025-01-11T09:54:00Z,146.66,travel,2.79,0
T0000884,2025-01-11T10:11:00Z,27.56,travel,15.75,0
T0000885,2025-01-11T10:28:00Z,168.20067422054788,online_retail,27.66,1
T0000886,2025-01-11T10:45:00Z,24.35,online_retail,2.3,0
T0000887,2025-01-11T11:02:00Z,25.7,gas,15.73,0
T0000888,2025-01-11T11:19:00Z,74.29,travel,7.18,0
T0000889,2025-01-11T11:36:00Z,9.77,electronics,6.06,0
T0000890,2025-01-11T11:53:00Z,18.82,electronics,1.73,0
T0000891,2025-01-11T12:10:00Z,145.77,electronics,7.76,0
T0000892,2025-01-11T12:27:00Z,66.0,online_retail,0.81,0
T0000893,2025-01-11T12:44:00Z,18.31,gas,1.95,0
T0000894,2025-01-11T13:01:00Z,37.34,grocery,2.25,0
T0000895,2025-01-11T13:18:00Z,129.91,travel,5.34,0
T0000896,2025-01-11T13:35:00Z,26.25,online_retail,9.19,0
T0000897,2025-01-11T13:52:00Z,39.75,online_retail,6.09,0
T0000898,2025-01-11T14:09:00Z,48.64,gas,0.59,0
T0000899,2025-01-11T14:26:00Z,5.58,grocery,12.28,0
T0000900,2025-01-11T14:43:00Z,17.12,electronics,0.99,0
T0000901,2025-01-11T15:00:00Z,56.78,online_retail,0.88,0
T0000902,2025-01-11T15:17:00Z,46.69,restaurant,3.15,0
T0000903,2025-01-11T15:34:00Z,64.11,travel,0.13,0
T0000904,2025-01-11T15:51:00Z,19.31,online_retail,4.39,0
T0000905,2025-01-11T16:08:00Z,25.0,restaurant,1.86,0
T0000906,2025-01-11T16:25:00Z,15.56,online_retail,14.34,0
T0000907,2025-01-11T16:42:00Z,32.08,pharmacy,4.22,0
T0000908,2025-01-11T16:59:00Z,117.38,grocery,2.24,0
T0000909,2025-01-11T17:16:00Z,20.86,online_retail,2.12,0
T0000910,2025-01-11T17:33:00Z,94.96,gas,4.38,0
T0000911,2025-01-11T17:50:00Z,30.08,electronics,10.57,0
T0000912,2025-01-11T18:07:00Z,62.8,electronics,9.38,0
T0000913,2025-01-11T18:24:00Z,17.7,pharmacy,1.43,0
T0000914,2025-01-11T18:41:00Z,41.52,gas,1.15,0
T0000915,2025-01-11T18:58:00Z,29.34,grocery,1.61,0
T0000916,2025-01-11T19:15:00Z,148.88,grocery,4.82,0
T0000917,2025-01-11T19:32:00Z,27.69,electronics,7.62,0
T0000918,2025-01-11T19:49:00Z,34.75,pharmacy,5.0,0
T0000919,2025-01-11T20:06:00Z,12.87,grocery,2.54,0
T0000920,2025-01-11T20:23:00Z,36.67,online_retail,0.61,0
T0000921,2025-01-11T20:40:00Z,28.86,electronics,3.14,0
T0000922,2025-01-11T20:57:00Z,26.37,electronics,3.15,0
T0000923,2025-01-11T21:14:00Z,80.69,gas,6.35,0
T0000924,2025-01-11T21:31:00Z,14.01,gas,2.42,0
T0000925,2025-01-11T21:48:00Z,27.34,restaurant,6.29,0
T0000926,2025-01-11T22:05:00Z,29.86,restaurant,14.89,0
T0000927,2025-01-11T22:22:00Z,11.51,grocery,4.56,0
T0000928,2025-01-11T22:39:00Z,18.46,gas,5.57,0
T0000929,2025-01-11T22:56:00Z,110.9,gas,1.5,0
T0000930,2025-01-11T23:13:00Z,14.72,restaurant,5.22,0
T0000931,2025-01-11T23:30:00Z,17.6,online_retail,5.32,0
T0000932,2025-01-11T23:47:00Z,41.65,restaurant,1.75,0
T0000933,2025-01-12T00:04:00Z,59.41,online_retail,1.04,0
T0000934,2025-01-12T00:21:00Z,15.69,grocery,3.15,0
T0000935,2025-01-12T00:38:00Z,18.22,gas,6.33,0
T0000936,2025-01-12T00:55:00Z,28.95,electronics,6.31,0
T0000937,2025-01-12T01:12:00Z,15.43,electronics,1.31,0
T0000938,2025-01-12T01:29:00Z,22.1,gas,0.97,0
T0000939,2025-01-12T01:46:00Z,49.73,gas,5.31,0
T0000940,2025-01-12T02:03:00Z,69.58,gas,5.82,0
T0000941,2025-01-12T02:20:00Z,46.52,travel,2.18,0
T0000942,2025-01-12T02:37:00Z,19.16,pharmacy,10.31,0
T0000943,2025-01-12T02:54:00Z,22.41,grocery,1.42,0
T0000944,2025-01-12T03:11:00Z,12.9,grocery,3.57,0
T0000945,2025-01-12T03:28:00Z,64.54,travel,1.03,0
T0000946,2025-01-12T03:45:00Z,77.23,gas,6.89,0
T0000947,2025-01-12T04:02:00Z,7.87,pharmacy,1.95,0
T0000948,2025-01-12T04:19:00Z,22.92,travel,0.23,0
T0000949,2025-01-12T04:36:00Z,38.44,travel,10.5,0
T0000950,2025-01-12T04:53:00Z,15.73,restaurant,2.36,0
T0000951,2025-01-12T05:10:00Z,56.42,travel,2.72,0
T0000952,2025-01-12T05:27:00Z,129.61,electronics,3.3,0
T0000953,2025-01-12T05:44:00Z,28.27,online_retail,5.66,0
T0000954,2025-01-12T06:01:00Z,29.47,online_retail,5.06,0
T0000955,2025-01-12T06:18:00Z,55.28,gas,1.54,0
T0000956,2025-01-12T06:35:00Z,93.42,electronics,0.62,0
T0000957,2025-01-12T06:52:00Z,206.4,online_retail,0.2,0
T0000958,2025-01-12T07:09:00Z,45.26,travel,1.99,0
T0000959,2025-01-12T07:26:00Z,42.52,electronics,1.02,0
T0000960,2025-01-12T07:43:00Z,74.08,gas,0.97,0
T0000961,2025-01-12T08:00:00Z,71.39,online_retail,27.87,0
T0000962,2025-01-12T08:17:00Z,13.51,online_retail,13.89,0
T0000963,2025-01-12T08:34:00Z,21.36,travel,7.82,0
T0000964,2025-01-12T08:51:00Z,61.68,restaurant,3.84,0
T0000965,2025-01-12T09:08:00Z,23.63,grocery,0.1,0
T0000966,2025-01-12T09:25:00Z,90.58,grocery,4.93,0
T0000967,2025-01-12T09:42:00Z,27.71,restaurant,4.84,0
T0000968,2025-01-12T09:59:00Z,21.3,online_retail,25.45,0
T0000969,2025-01-12T10:16:00Z,14.42,pharmacy,2.85,0
T0000970,2025-01-12T10:33:00Z,7.94,travel,10.34,0
T0000971,2025-01-12T10:50:00Z,69.32,restaurant,0.34,0
T0000972,2025-01-12T11:07:00Z,17.28,pharmacy,14.02,0
T0000973,2025-01-12T11:24:00Z,29.83,gas,0.33,0
T0000974,2025-01-12T11:41:00Z,54.02,electronics,3.71,0
T0000975,2025-01-12T11:58:00Z,46.21,restaurant,12.95,0
T0000976,2025-01-12T12:15:00Z,44.03,restaurant,1.57,0
T0000977,2025-01-12T12:32:00Z,22.72,pharmacy,8.63,0
T0000978,2025-01-12T12:49:00Z,88.1,restaurant,3.56,0
T0000979,2025-01-12T13:06:00Z,42.76,gas,2.28,0
T0000980,2025-01-12T13:23:00Z,5.88,gas,3.31,0
T0000981,2025-01-12T13:40:00Z,9.4,restaurant,5.77,0
T0000982,2025-01-12T13:57:00Z,50.54,travel,2.93,0
T0000983,2025-01-12T14:14:00Z,18.74,travel,3.85,0
T0000984,2025-01-12T14:31:00Z,102.66,gas,4.83,0
T0000985,2025-01-12T14:48:00Z,46.09,gas,2.59,0
T0000986,2025-01-12T15:05:00Z,44.22,pharmacy,3.24,0
T0000987,2025-01-12T15:22:00Z,38.64,gas,6.95,0
T0000988,2025-01-12T15:39:00Z,22.55,electronics,0.25,0
T0000989,2025-01-12T15:56:00Z,44.75,gas,1.22,0
T0000990,2025-01-12T16:13:00Z,34.36,online_retail,1.43,0
T0000991,2025-01-12T16:30:00Z,13.07,gas,0.95,0
T0000992,2025-01-12T16:47:00Z,12.44,online_retail,1.35,0
T0000993,2025-01-12T17:04:00Z,45.15,gas,5.38,0
T0000994,2025-01-12T17:21:00Z,82.18,travel,17.36,0
T0000995,2025-01-12T17:38:00Z,48.79,grocery,4.4,0
T0000996,2025-01-12T17:55:00Z,29.51,pharmacy,9.07,0
T0000997,2025-01-12T18:12:00Z,66.65,pharmacy,8.77,0
T0000998,2025-01-12T18:29:00Z,29.32,pharmacy,3.81,0
T0000999,2025-01-12T18:46:00Z,38.04,travel,3.72,0
T0001000,2025-01-12T19:03:00Z,70.06,restaurant,1.09,0
