loan_id,loan_amnt,term,grade,int_rate,installment,annual_inc,dti,loan_status
L000001,34498,36 months,E,14.5,98.07,35829,15.66,Charged Off
L000002,33265,36 months,A,6.75,859.6,105184,5.91,Fully Paid
L000003,4012,36 months,C,6.48,320.56,139128,13.9,Charged Off
L000004,8448,60 months,G,9.28,149.56,52966,22.36,Current
L000005,20809,60 months,A,9.52,326.97,101503,5.99,Fully Paid
L000006,4270,36 months,B,9.8,598.99,80126,24.56,Fully Paid
L000007,15485,36 months,F,21.99,384.69,90362,22.04,Charged Off
L000008,16277,36 months,C,6.06,744.32,73114,12.09,Current
L000009,24103,36 months,E,23.15,677.62,103471,19.31,Charged Off
L000010,8932,60 months,C,10.31,772.96,33699,11.24,Charged Off
L000011,26339,60 months,A,19.5,397.84,48379,22.74,Fully Paid
L000012,8928,36 months,G,16.21,376.06,105616,7.53,Late (31-120 days)
L000013,4749,36 months,E,18.73,704.6,164769,9.55,Fully Paid
L000014,31238,60 months,G,16.61,810.27,105343,28.58,Late (31-120 days)
L000015,30595,36 months,B,10.52,479.34,53378,10.87,Fully Paid
L000016,14262,36 months,C,6.44,162.72,86605,27.55,Fully Paid
L000017,19472,36 months,G,13.88,416.94,36245,26.73,Charged Off
L000018,28305,36 months,D,9.48,60.69,153233,31.18,Fully Paid
L000019,24667,36 months,B,20.44,868.43,152959,18.86,Fully Paid
L000020,27093,36 months,F,9.54,769.37,90299,30.88,Current
L000021,5159,36 months,C,23.28,392.36,89432,34.99,Late (31-120 days)
L000022,3161,36 months,D,14.89,140.72,47540,17.29,Late (31-120 days)
L000023,14180,36 months,C,21.82,341.16,93362,27.44,Charged Off
L000024,19326,60 months,A,14.39,293.44,171459,27.02,Charged Off
L000025,12639,36 months,G,22.34,156.03,143354,26.64,Charged Off
L000026,12492,36 months,E,6.12,726.31,55198,12.2,Late (31-120 days)
L000027,12838,60 months,E,5.77,498.04,100074,8.74,Charged Off
L000028,6089,36 months,B,22.3,198.89,134670,26.97,Charged Off
L000029,10637,60 months,C,10.35,318.18,41606,24.59,Current
L000030,24572,60 months,B,13.66,781.05,100551,23.99,Fully Paid
L000031,15055,36 months,D,7.31,859.14,95680,26.37,Charged Off
L000032,23863,60 months,C,20.56,628.3,61058,30.15,Fully Paid
L000033,26142,36 months,A,11.17,456.41,157510,10.86,Fully Paid
L000034,13823,36 months,A,20.66,99.48,31759,29.92,Late (31-120 days)
L000035,1083,60 months,A,20.47,130.25,55519,15.18,Fully Paid
L000036,15561,60 months,D,7.69,425.35,152418,5.85,Current
L000037,31203,60 months,B,12.59,862.89,59366,31.26,Charged Off
L000038,17328,60 months,A,15.73,92.19,168023,17.78,Fully Paid
L000039,26063,60 months,F,8.8,334.59,83798,23.62,Charged Off
L000040,32351,36 months,D,21.86,306.14,164716,17.1,Charged Off
L000041,24348,36 months,F,5.2,409.84,55395,5.32,Late (31-120 days)
L000042,5886,60 months,C,20.33,838.64,132818,6.35,Current
L000043,6291,60 months,C,23.89,491.91,74431,9.01,Charged Off
L000044,28567,60 months,G,21.4,417.61,96159,26.65,Late (31-120 days)
L000045,25476,60 months,C,14.23,209.31,33777,17.4,Fully Paid
L000046,30654,36 months,C,11.76,428.67,59708,6.45,Fully Paid
L000047,19203,36 months,B,19.42,759.75,123328,13.67,Current
L000048,29481,60 months,F,5.26,488.81,36116,27.03,Current
L000049,31207,60 months,G,18.37,118.24,152764,20.06,Charged Off
L000050,14022,60 months,G,20.06,356.47,59937,16.32,Late (31-120 days)
L000051,6761,60 months,D,11.01,448.89,48636,11.79,Current
L000052,23760,60 months,E,7.11,435.62,142417,11.36,Fully Paid
L000053,26236,60 months,G,10.64,181.95,161516,8.58,Late (31-120 days)
L000054,4856,36 months,A,23.99,696.32,39982,16.33,Charged Off
L000055,6144,60 months,E,10.44,235.52,62589,15.29,Fully Paid
L000056,13292,36 months,C,21.02,704.8,165093,27.95,Fully Paid
L000057,23552,36 months,C,12.73,689.64,165428,34.44,Charged Off
L000058,7333,60 months,D,9.54,788.58,60302,20.69,Charged Off
L000059,7085,36 months,D,18.25,254.9,68715,15.08,Fully Paid
L000060,3028,36 months,G,16.58,178.0,89887,16.03,Late (31-120 days)
L000061,29055,36 months,A,22.48,206.58,73783,17.97,Fully Paid
L000062,6941,60 months,F,19.19,442.32,67174,30.16,Current
L000063,11639,36 months,G,19.54,227.76,109884,5.58,Fully Paid
L000064,3467,36 months,E,6.78,753.73,132337,26.7,Fully Paid
L000065,15402,60 months,B,6.12,858.84,134204,6.25,Current
L000066,26433,36 months,D,21.86,836.71,88956,5.38,Fully Paid
L000067,9888,60 months,D,17.33,118.12,88921,20.02,Late (31-120 days)
L000068,32727,36 months,G,10.4,348.59,103732,5.14,Charged Off
L000069,33989,36 months,B,9.21,72.22,89694,23.05,Fully Paid
L000070,17546,60 months,G,22.47,252.88,50329,26.58,Late (31-120 days)
L000071,29710,60 months,G,18.53,726.63,127027,7.17,Charged Off
L000072,1054,36 months,D,10.45,172.9,75014,27.45,Charged Off
L000073,34536,60 months,G,22.25,697.84,80526,17.97,Charged Off
L000074,20310,60 months,A,22.06,407.45,54537,13.34,Fully Paid
L000075,33400,36 months,B,6.15,895.25,26956,14.38,Late (31-120 days)
L000076,7125,36 months,G,12.78,662.06,52134,6.64,Current
L000077,22971,60 months,A,8.92,294.45,114627,31.29,Fully Paid
L000078,17137,60 months,B,20.96,496.26,151853,20.13,Charged Off
L000079,30470,36 months,B,12.93,611.22,177112,22.92,Fully Paid
L000080,17672,36 months,C,14.62,147.42,155947,12.01,Charged Off
L000081,12385,36 months,D,14.67,414.83,151257,30.7,Late (31-120 days)
L000082,19563,60 months,B,14.22,158.95,109329,8.63,Fully Paid
L000083,25018,36 months,E,22.75,625.45,52350,11.6,Current
L000084,15982,60 months,E,18.12,335.34,46938,31.41,Late (31-120 days)
L000085,17297,36 months,F,9.08,852.33,28844,19.41,Late (31-120 days)
L000086,18753,36 months,A,18.26,524.27,62712,10.0,Current
L000087,29521,36 months,A,11.76,363.96,76465,18.66,Fully Paid
L000088,31134,36 months,B,22.31,898.45,111321,17.97,Fully Paid
L000089,16274,36 months,D,20.04,376.09,134344,28.03,Late (31-120 days)
L000090,23338,60 months,A,23.3,145.83,179778,27.69,Fully Paid
L000091,32706,36 months,C,10.45,54.55,93586,17.34,Charged Off
L000092,24040,60 months,A,17.18,549.52,176691,5.76,Current
L000093,22678,36 months,A,7.81,407.4,72725,8.59,Current
L000094,21287,60 months,C,12.08,716.47,174930,6.49,Current
L000095,5179,60 months,A,19.11,848.72,36031,29.97,Fully Paid
L000096,17898,36 months,A,23.71,771.43,31728,30.33,Charged Off
L000097,21133,60 months,C,7.28,588.83,90669,22.28,Current
L000098,12202,60 months,F,6.48,453.67,109360,23.08,Fully Paid
L000099,15622,36 months,A,10.05,68.81,35063,33.2,Fully Paid
L000100,8871,36 months,G,19.62,347.96,151553,20.57,Late (31-120 days)
L000101,23100,60 months,A,13.04,474.11,169562,6.46,Fully Paid
L000102,16715,60 months,F,23.97,63.95,51608,18.59,Current
L000103,5504,36 months,E,20.0,199.28,141769,17.46,Charged Off
L000104,2880,60 months,F,6.51,398.37,121069,9.79,Fully Paid
L000105,31821,60 months,B,22.39,418.44,135318,31.07,Charged Off
L000106,26030,60 months,B,20.43,753.96,137349,18.58,Late (31-120 days)
L000107,1140,60 months,B,16.99,88.58,100632,30.3,Charged Off
L000108,15644,36 months,C,10.85,623.21,39512,11.81,Late (31-120 days)
L000109,14189,60 months,B,13.24,899.85,45244,6.52,Fully Paid
L000110,19654,36 months,F,14.12,136.22,158485,33.34,Late (31-120 days)
L000111,18014,36 months,A,9.25,362.08,149948,29.11,Fully Paid
L000112,14416,36 months,G,11.92,673.18,157726,26.47,Current
L000113,27815,36 months,F,6.07,262.31,158947,15.03,Charged Off
L000114,21570,60 months,D,8.81,358.95,29429,8.31,Fully Paid
L000115,34932,60 months,B,6.54,716.34,117748,32.87,Fully Paid
L000116,31652,36 months,F,11.75,550.62,27374,19.78,Charged Off
L000117,22966,60 months,F,9.05,623.52,132526,20.86,Charged Off
L000118,27853,36 months,E,6.51,626.99,26384,30.82,Charged Off
L000119,23343,36 months,F,12.53,565.34,125244,8.18,Current
L000120,17680,36 months,F,5.75,360.83,92859,13.62,Fully Paid
L000121,30785,36 months,G,6.54,141.28,151313,12.27,Current
L000122,18168,60 months,B,5.27,295.26,136772,23.83,Current
L000123,8835,36 months,D,5.66,127.25,130911,24.67,Fully Paid
L000124,21794,36 months,A,14.61,384.76,176458,32.02,Current
L000125,32417,60 months,G,8.09,135.44,38680,24.35,Current
L000126,17398,60 months,A,7.19,191.0,88396,20.12,Fully Paid
L000127,24897,60 months,C,14.36,253.7,106501,11.85,Charged Off
L000128,18224,60 months,D,22.83,348.18,41393,30.57,Current
L000129,4958,60 months,C,16.32,522.86,168891,26.94,Charged Off
L000130,15196,60 months,E,12.57,158.83,91380,24.99,Late (31-120 days)
L000131,34502,60 months,E,20.34,579.16,61039,24.23,Charged Off
L000132,32616,36 months,F,21.14,703.7,84785,31.77,Charged Off
L000133,27137,36 months,G,19.43,772.25,117026,27.25,Late (31-120 days)
L000134,10092,60 months,G,6.66,312.78,114955,23.05,Fully Paid
L000135,27201,36 months,E,23.01,292.19,147826,31.92,Current
L000136,31600,36 months,F,9.93,539.91,57569,31.81,Fully Paid
L000137,14976,60 months,A,8.16,731.94,164597,25.83,Fully Paid
L000138,1083,36 months,B,22.84,253.4,141663,18.31,Charged Off
L000139,26933,36 months,E,20.35,455.86,151103,32.89,Charged Off
L000140,22326,60 months,G,19.16,269.28,63297,18.49,Charged Off
L000141,17423,36 months,G,5.89,170.16,91965,14.09,Fully Paid
L000142,32395,36 months,F,20.56,412.31,26521,23.48,Charged Off
L000143,27611,60 months,F,15.0,55.03,164237,32.98,Charged Off
L000144,4144,36 months,D,10.43,175.7,173584,19.37,Current
L000145,28577,36 months,B,19.71,887.74,50451,16.95,Charged Off
L000146,4496,60 months,B,13.9,471.92,111818,26.58,Current
L000147,9347,60 months,F,14.06,163.01,111468,18.51,Charged Off
L000148,27174,60 months,C,21.29,522.63,37541,19.32,Current
L000149,10039,36 months,A,11.45,466.95,55822,22.25,Current
L000150,10848,60 months,F,8.92,675.95,56802,9.35,Charged Off
L000151,14728,60 months,A,21.4,751.58,72822,12.02,Charged Off
L000152,13944,60 months,D,7.67,744.15,106017,5.65,Charged Off
L000153,10807,36 months,A,22.16,183.35,67301,13.13,Late (31-120 days)
L000154,19387,60 months,A,11.38,384.94,28671,28.92,Charged Off
L000155,20068,60 months,C,19.91,164.1,119090,22.96,Current
L000156,3695,36 months,D,22.41,612.41,134656,11.01,Fully Paid
L000157,8571,60 months,F,14.43,206.25,47239,32.54,Current
L000158,26853,36 months,A,20.68,235.58,179209,15.68,Late (31-120 days)
L000159,6949,36 months,G,16.69,682.17,131580,7.88,Charged Off
L000160,5697,36 months,A,6.03,576.31,161702,9.72,Charged Off
L000161,28625,60 months,A,20.69,177.4,35641,19.37,Charged Off
L000162,4453,36 months,B,17.84,89.19,82441,9.89,Fully Paid
L000163,6411,36 months,F,12.6,653.2,121767,8.36,Fully Paid
L000164,19499,36 months,B,11.33,568.86,145116,12.18,Late (31-120 days)
L000165,27234,36 months,D,16.18,432.61,143360,19.49,Fully Paid
L000166,23670,36 months,A,20.59,598.96,70525,31.65,Current
L000167,23679,36 months,D,20.98,774.6,139633,26.84,Charged Off
L000168,30819,36 months,F,17.84,431.26,88990,34.37,Late (31-120 days)
L000169,10870,36 months,B,16.02,192.81,151620,11.32,Late (31-120 days)
L000170,16797,36 months,E,14.36,770.29,72854,15.74,Fully Paid
L000171,2060,60 months,D,16.02,826.98,178855,13.54,Current
L000172,32469,36 months,D,8.51,422.88,51200,26.39,Current
L000173,21920,36 months,G,16.53,435.06,29960,15.22,Charged Off
L000174,33834,60 months,F,14.61,155.12,140446,18.79,Charged Off
L000175,9788,36 months,D,8.86,353.79,26870,24.23,Fully Paid
L000176,15738,60 months,A,12.71,476.04,31862,12.51,Current
L000177,19642,36 months,B,7.15,629.83,46234,26.56,Fully Paid
L000178,27874,36 months,G,19.29,80.6,44416,10.94,Charged Off
L000179,5583,60 months,G,19.95,143.82,65537,28.03,Charged Off
L000180,6815,36 months,E,15.33,402.28,58873,27.31,Current
L000181,24567,60 months,E,19.65,400.6,157952,29.64,Current
L000182,29356,60 months,C,18.23,586.96,135097,25.09,Fully Paid
L000183,22452,60 months,D,19.59,167.91,147678,10.62,Late (31-120 days)
L000184,15505,36 months,F,9.46,207.51,124800,8.49,Fully Paid
L000185,5104,36 months,A,11.43,278.04,162337,15.75,Current
L000186,25467,36 months,D,5.59,844.23,173707,26.37,Current
L000187,1655,60 months,G,20.31,457.81,123209,8.44,Charged Off
L000188,7660,60 months,A,22.42,516.75,98492,6.24,Current
L000189,18600,36 months,C,18.14,175.2,90839,6.26,Current
L000190,13317,36 months,F,13.07,120.69,163086,23.8,Fully Paid
L000191,5289,36 months,B,9.92,433.18,160381,29.9,Charged Off
L000192,15376,60 months,E,13.93,581.66,62503,20.84,Charged Off
L000193,6094,60 months,G,18.9,713.95,78407,31.69,Current
L000194,5097,36 months,B,8.54,256.96,77811,26.77,Late (31-120 days)
L000195,34732,60 months,G,7.78,312.26,75014,30.88,Charged Off
L000196,27606,36 months,E,5.24,524.71,147580,6.47,Fully Paid
L000197,26675,60 months,F,10.62,154.01,133231,24.82,Fully Paid
L000198,9378,36 months,C,20.13,787.33,42751,7.76,Late (31-120 days)
L000199,34472,60 months,A,12.98,788.69,136521,11.49,Fully Paid
L000200,32216,60 months,D,19.22,349.76,151676,34.2,Late (31-120 days)
L000201,30081,60 months,G,14.9,178.71,58553,31.46,Fully Paid
L000202,21941,60 months,B,17.21,858.75,153304,31.9,Current
L000203,21120,60 months,A,15.47,721.48,60768,16.43,Fully Paid
L000204,31817,36 months,G,19.4,391.28,161018,28.04,Charged Off
L000205,19570,36 months,G,8.91,274.82,72540,21.06,Charged Off
L000206,24765,36 months,G,15.67,586.03,47893,5.86,Charged Off
L000207,14532,60 months,B,11.17,798.87,100955,32.59,Fully Paid
L000208,20028,36 months,F,17.11,511.3,73043,19.84,Late (31-120 days)
L000209,20071,36 months,B,13.13,451.25,41038,16.62,Fully Paid
L000210,29214,36 months,B,20.24,454.79,30897,7.4,Fully Paid
L000211,17094,60 months,D,16.2,232.38,84765,18.62,Charged Off
L000212,25234,36 months,A,17.68,783.71,51208,27.04,Current
L000213,11848,60 months,E,18.79,246.38,167670,31.15,Late (31-120 days)
L000214,32878,36 months,G,22.59,752.99,158595,32.59,Current
L000215,33577,60 months,C,8.73,104.14,115419,23.99,Fully Paid
L000216,28799,36 months,G,9.69,377.82,40635,22.31,Fully Paid
L000217,15274,60 months,F,18.28,787.77,32892,24.02,Late (31-120 days)
L000218,8148,60 months,C,8.27,717.33,133079,23.51,Current
L000219,9163,36 months,D,9.2,121.18,108325,12.76,Charged Off
L000220,22274,60 months,E,22.65,402.38,108261,24.58,Late (31-120 days)
L000221,29406,60 months,E,9.8,98.14,147089,14.93,Fully Paid
L000222,29905,36 months,A,6.89,202.16,80688,8.14,Fully Paid
L000223,6114,36 months,E,8.16,660.6,68881,30.67,Current
L000224,21042,60 months,F,6.28,577.64,79355,10.41,Fully Paid
L000225,3993,36 months,E,20.73,473.49,167700,13.57,Current
L000226,16457,60 months,E,18.71,797.96,82057,9.27,Current
L000227,34774,36 months,C,12.92,113.04,118023,31.16,Charged Off
L000228,16055,60 months,A,11.67,700.98,148158,15.09,Fully Paid
L000229,32185,60 months,B,19.71,775.67,68299,16.9,Late (31-120 days)
L000230,28222,36 months,D,11.17,755.6,118390,14.95,Current
L000231,23209,36 months,G,21.46,76.22,82778,14.28,Charged Off
L000232,10862,36 months,D,17.67,619.2,146296,12.23,Fully Paid
L000233,18723,60 months,C,10.07,311.95,166036,34.16,Charged Off
L000234,22885,36 months,E,14.49,663.1,72046,22.08,Charged Off
L000235,24779,36 months,B,22.06,265.36,134769,28.24,Charged Off
L000236,17233,36 months,F,21.54,84.66,139745,19.66,Current
L000237,6666,36 months,F,8.39,138.87,175761,24.31,Fully Paid
L000238,33065,36 months,G,14.1,287.8,120027,9.33,Charged Off
L000239,6948,60 months,B,17.82,880.41,118047,14.72,Fully Paid
L000240,30982,60 months,B,5.71,649.54,172890,32.84,Fully Paid
L000241,15883,36 months,C,14.91,824.43,110521,12.29,Fully Paid
L000242,18010,60 months,B,11.67,243.02,140876,24.18,Charged Off
L000243,1892,36 months,E,10.93,744.66,138674,11.46,Current
L000244,34676,60 months,F,21.32,878.69,69151,6.17,Current
L000245,20215,60 months,F,14.86,105.38,131947,16.45,Charged Off
L000246,25225,36 months,D,8.85,422.44,151904,19.46,Fully Paid
L000247,16788,36 months,C,9.91,397.73,36024,23.15,Fully Paid
L000248,4884,60 months,A,16.65,593.4,178562,20.14,Current
L000249,33037,36 months,B,14.36,168.71,50819,34.45,Charged Off
L000250,9865,36 months,C,15.39,502.15,139294,17.95,Fully Paid
L000251,34264,60 months,G,23.95,202.41,33281,22.27,Late (31-120 days)
L000252,34791,36 months,A,8.03,105.82,141103,30.32,Current
L000253,12923,60 months,F,21.03,128.06,164586,8.84,Fully Paid
L000254,18814,60 months,C,11.14,164.76,52917,20.81,Charged Off
L000255,25537,36 months,F,15.45,515.33,71329,27.07,Charged Off
L000256,26239,36 months,D,15.62,515.31,100943,6.72,Current
L000257,8601,60 months,B,8.91,805.0,67154,13.93,Fully Paid
L000258,7403,36 months,G,5.68,218.61,58658,30.23,Fully Paid
L000259,10614,36 months,A,12.07,864.61,80025,31.04,Fully Paid
L000260,29341,36 months,C,12.99,607.78,106310,29.43,Fully Paid
L000261,19494,36 months,G,12.29,219.26,68190,25.72,Late (31-120 days)
L000262,16902,60 months,C,21.62,401.52,71986,6.61,Charged Off
L000263,34377,36 months,D,21.1,592.98,105857,8.02,Charged Off
L000264,10337,60 months,A,18.77,369.78,70945,25.84,Late (31-120 days)
L000265,19310,60 months,G,21.62,254.27,33990,20.2,Current
L000266,12606,60 months,B,20.95,871.93,80051,13.33,Fully Paid
L000267,23899,36 months,E,8.55,451.75,165775,27.61,Fully Paid
L000268,10979,60 months,C,8.84,352.5,75669,7.38,Current
L000269,18091,36 months,G,8.05,817.5,87181,17.46,Charged Off
L000270,17276,60 months,D,5.84,377.16,34102,20.96,Charged Off
L000271,20542,36 months,F,7.43,570.15,92234,16.65,Charged Off
L000272,17715,36 months,A,15.72,211.02,177688,30.09,Current
L000273,31794,60 months,E,19.12,695.01,32803,20.49,Late (31-120 days)
L000274,29338,36 months,C,14.9,221.17,117312,5.38,Current
L000275,6699,60 months,G,19.28,842.03,172961,22.04,Late (31-120 days)
L000276,6266,36 months,F,10.95,68.97,158123,6.23,Current
L000277,20221,36 months,G,7.74,429.49,178083,6.49,Current
L000278,1477,36 months,D,10.89,599.89,115306,30.54,Charged Off
L000279,15264,36 months,F,5.66,794.55,103569,27.35,Charged Off
L000280,28275,60 months,G,23.1,784.68,75929,14.01,Current
L000281,18004,36 months,B,17.1,292.77,55550,25.06,Fully Paid
L000282,26294,60 months,F,19.1,733.02,71184,12.74,Charged Off
L000283,18357,60 months,C,16.34,62.9,129470,14.45,Late (31-120 days)
L000284,14154,60 months,E,6.73,638.18,99256,15.1,Current
L000285,25550,36 months,F,6.06,133.45,36417,32.89,Fully Paid
L000286,24159,60 months,B,16.32,99.78,142389,28.83,Late (31-120 days)
L000287,1968,60 months,C,22.05,450.92,31816,17.61,Fully Paid
L000288,2933,36 months,D,5.03,742.15,125853,31.03,Fully Paid
L000289,7401,60 months,C,13.13,547.36,80633,8.56,Charged Off
L000290,10776,36 months,B,15.76,122.29,34745,20.84,Current
L000291,8041,60 months,G,15.12,692.79,158119,24.04,Charged Off
L000292,1808,60 months,B,7.35,91.7,135015,20.72,Current
L000293,13279,36 months,G,14.5,776.59,61595,17.62,Late (31-120 days)
L000294,33926,36 months,A,20.89,430.86,144920,16.27,Fully Paid
L000295,15795,36 months,F,9.82,418.43,85212,32.53,Late (31-120 days)
L000296,27493,60 months,G,5.18,295.25,168941,30.43,Charged Off
L000297,33976,60 months,B,16.91,61.07,59175,7.97,Fully Paid
L000298,3720,60 months,E,21.14,139.09,52980,13.02,Charged Off
L000299,11218,36 months,G,7.24,709.51,85555,16.51,Current
L000300,8332,60 months,C,9.29,57.1,98586,19.3,Fully Paid
L000301,4185,60 months,E,10.8,847.18,36735,14.94,Late (31-120 days)
L000302,25763,60 months,F,13.9,489.11,36173,29.58,Fully Paid
L000303,7960,36 months,E,11.5,591.57,158813,27.01,Late (31-120 days)
L000304,21375,36 months,F,23.25,193.21,176540,27.85,Charged Off
L000305,22100,36 months,A,13.79,626.71,87781,14.51,Fully Paid
L000306,20866,36 months,E,10.79,574.18,97808,15.17,Fully Paid
L000307,10233,60 months,D,7.01,107.67,131392,30.78,Fully Paid
L000308,17458,36 months,A,19.71,595.98,69758,9.2,Fully Paid
L000309,12600,36 months,E,13.15,277.96,41567,15.97,Charged Off
L000310,28491,60 months,B,19.86,545.12,121935,13.17,Charged Off
L000311,23526,60 months,E,13.63,736.6,176942,18.8,Current
L000312,1641,60 months,G,20.67,176.78,93474,34.52,Charged Off
L000313,12626,36 months,E,7.67,897.61,39737,17.66,Charged Off
L000314,14957,60 months,F,12.49,549.47,119445,14.84,Fully Paid
L000315,17997,60 months,B,14.08,728.51,66358,28.62,Fully Paid
L000316,9098,36 months,G,9.23,457.14,160194,32.76,Charged Off
L000317,25489,60 months,C,19.85,419.88,169051,22.13,Charged Off
L000318,32516,36 months,A,12.14,673.31,130341,9.69,Current
L000319,28562,60 months,B,16.33,448.57,134430,21.59,Charged Off
L000320,3162,60 months,A,10.86,605.25,31624,9.0,Current
L000321,26514,36 months,A,15.28,170.03,37321,12.84,Fully Paid
L000322,28099,36 months,C,7.23,814.7,43616,22.19,Fully Paid
L000323,18665,60 months,C,5.13,51.44,110785,28.55,Fully Paid
L000324,34187,60 months,F,15.57,741.98,148035,33.85,Charged Off
L000325,21277,60 months,A,20.68,851.19,126662,5.46,Fully Paid
L000326,15687,36 months,F,19.92,532.36,115347,19.21,Charged Off
L000327,12280,60 months,F,19.96,99.71,49327,19.05,Late (31-120 days)
L000328,1569,36 months,B,13.66,690.22,175895,28.1,Fully Paid
L000329,24673,36 months,B,23.65,446.17,44333,11.03,Fully Paid
L000330,3181,60 months,E,12.96,616.39,146671,33.8,Fully Paid
L000331,6781,36 months,A,5.12,103.54,40885,19.29,Fully Paid
L000332,12484,36 months,G,7.74,399.03,51900,29.99,Charged Off
L000333,28641,36 months,E,21.87,237.2,48745,32.41,Charged Off
L000334,10941,36 months,G,18.53,514.79,71815,23.05,Charged Off
L000335,9731,36 months,D,11.13,577.49,95941,15.64,Fully Paid
L000336,12073,60 months,D,15.84,643.15,150263,7.58,Fully Paid
L000337,20224,60 months,F,11.16,891.74,49534,9.35,Current
L000338,7735,60 months,A,8.5,488.38,81254,21.66,Fully Paid
L000339,34771,60 months,A,20.53,676.0,32540,6.31,Charged Off
L000340,22946,36 months,F,19.64,794.47,138896,15.15,Current
L000341,32048,36 months,D,10.29,406.59,169989,13.37,Late (31-120 days)
L000342,2243,36 months,E,9.29,144.43,166396,16.3,Late (31-120 days)
L000343,13138,36 months,G,12.89,443.74,39030,26.38,Charged Off
L000344,15685,60 months,F,19.13,364.08,33910,8.68,Late (31-120 days)
L000345,29686,60 months,C,13.72,617.13,57520,5.34,Charged Off
L000346,1050,36 months,D,17.24,828.73,173411,25.69,Current
L000347,15790,60 months,E,22.75,573.79,25107,20.31,Current
L000348,12799,60 months,D,9.23,892.45,162877,16.8,Late (31-120 days)
L000349,31503,60 months,G,22.6,601.94,156637,28.0,Charged Off
L000350,8319,60 months,C,23.54,631.26,98466,26.35,Charged Off
L000351,25581,36 months,E,15.75,546.09,73797,30.5,Charged Off
L000352,12453,60 months,D,11.64,284.18,113406,5.59,Fully Paid
L000353,17451,60 months,E,16.76,775.56,140262,8.5,Charged Off
L000354,31144,36 months,G,23.2,314.98,161398,5.17,Charged Off
L000355,1060,36 months,G,9.5,621.63,34173,32.29,Charged Off
L000356,34630,60 months,B,6.59,634.15,99140,26.41,Fully Paid
L000357,15339,36 months,D,14.26,305.34,72630,31.39,Fully Paid
L000358,9345,60 months,G,7.48,216.68,147847,8.6,Current
L000359,32783,36 months,A,13.36,560.99,104384,26.1,Late (31-120 days)
L000360,33583,60 months,A,14.11,193.07,173280,26.33,Current
L000361,30208,36 months,C,21.4,481.13,51700,24.84,Charged Off
L000362,3988,36 months,E,5.99,176.78,113830,30.06,Current
L000363,1126,36 months,D,7.19,389.78,171995,30.34,Late (31-120 days)
L000364,11070,36 months,B,6.04,517.15,133772,27.03,Late (31-120 days)
L000365,14553,60 months,B,22.91,544.44,169980,11.84,Current
L000366,5324,60 months,E,21.62,197.92,38230,21.68,Charged Off
L000367,22020,60 months,B,22.02,238.8,100414,8.39,Fully Paid
L000368,32398,36 months,D,12.63,216.31,71899,5.55,Fully Paid
L000369,7396,36 months,C,12.04,784.33,124433,20.25,Charged Off
L000370,1484,60 months,A,10.38,154.98,145083,10.43,Fully Paid
L000371,19985,36 months,A,20.55,179.7,137015,22.37,Late (31-120 days)
L000372,3796,60 months,G,7.98,231.72,149622,34.92,Charged Off
L000373,8018,36 months,A,16.98,697.75,177131,23.79,Fully Paid
L000374,11507,36 months,C,17.01,329.69,174070,16.39,Late (31-120 days)
L000375,28972,60 months,F,22.72,721.58,101151,8.53,Charged Off
L000376,29696,60 months,F,20.68,868.03,82032,14.02,Fully Paid
L000377,3015,60 months,F,19.91,737.4,90671,22.66,Charged Off
L000378,6748,36 months,F,7.73,434.2,25797,23.2,Charged Off
L000379,20384,36 months,F,23.63,315.73,109562,31.73,Charged Off
L000380,14656,60 months,C,8.5,337.86,94517,31.09,Charged Off
L000381,3625,60 months,D,22.93,155.9,58999,23.88,Late (31-120 days)
L000382,20419,36 months,E,17.61,230.97,150893,13.68,Fully Paid
L000383,32162,60 months,F,21.2,336.05,82448,15.58,Charged Off
L000384,24287,36 months,E,5.19,458.73,69202,8.85,Fully Paid
L000385,13024,60 months,B,10.52,212.39,107985,31.39,Current
L000386,28051,60 months,G,8.13,720.89,113705,20.36,Fully Paid
L000387,19986,36 months,D,22.59,84.03,126733,10.78,Charged Off
L000388,28974,36 months,E,13.33,675.08,116310,34.28,Late (31-120 days)
L000389,32953,36 months,D,10.2,783.99,78030,16.94,Fully Paid
L000390,7505,36 months,C,17.55,797.05,69960,19.59,Fully Paid
L000391,13003,36 months,E,5.18,752.5,99693,28.66,Late (31-120 days)
L000392,27165,60 months,G,20.53,656.23,141465,9.98,Fully Paid
L000393,34368,36 months,G,6.47,546.8,92465,20.37,Fully Paid
L000394,27503,60 months,A,13.34,333.3,58066,8.35,Fully Paid
L000395,21466,36 months,G,16.45,824.94,40630,14.43,Charged Off
L000396,17228,36 months,B,12.23,788.51,33795,12.05,Current
L000397,15745,36 months,B,22.8,388.5,148671,19.0,Charged Off
L000398,6937,36 months,D,12.58,764.99,63521,20.28,Fully Paid
L000399,21024,60 months,C,10.6,402.61,80488,22.18,Current
L000400,33661,60 months,C,9.81,755.81,73234,11.49,Current
L000401,24311,36 months,C,12.74,768.6,173264,35.0,Fully Paid
L000402,8574,60 months,D,7.98,471.99,134540,31.53,Current
L000403,14667,36 months,E,23.11,718.94,62211,29.23,Charged Off
L000404,10557,36 months,E,18.19,365.4,145146,28.72,Charged Off
L000405,24240,60 months,C,10.38,876.4,47894,24.41,Current
L000406,30722,36 months,G,6.9,224.41,60288,27.03,Fully Paid
L000407,33782,36 months,D,6.05,157.52,37461,13.97,Fully Paid
L000408,24600,60 months,D,21.43,109.42,121463,23.55,Fully Paid
L000409,4404,60 months,C,12.95,266.33,133197,6.49,Current
L000410,29165,60 months,D,14.84,659.94,68264,22.04,Charged Off
L000411,15207,36 months,G,9.57,167.3,33706,8.34,Fully Paid
L000412,23867,36 months,B,22.59,660.48,97837,27.27,Fully Paid
L000413,10082,60 months,F,6.73,264.29,107158,13.6,Charged Off
L000414,22566,36 months,A,10.87,770.29,81128,13.13,Fully Paid
L000415,7007,36 months,D,17.0,180.06,153416,6.66,Fully Paid
L000416,32920,60 months,C,12.78,277.13,130457,10.71,Charged Off
L000417,15630,36 months,B,12.66,865.14,169613,29.79,Charged Off
L000418,34047,36 months,D,13.48,236.64,120931,32.72,Charged Off
L000419,3430,60 months,C,14.49,756.93,174688,17.15,Charged Off
L000420,4156,36 months,C,6.96,737.09,81680,19.79,Current
L000421,17512,60 months,B,16.3,165.22,40920,32.24,Late (31-120 days)
L000422,20910,60 months,B,7.3,364.08,152244,23.84,Fully Paid
L000423,2107,36 months,F,16.66,518.07,118237,16.74,Charged Off
L000424,11293,36 months,F,22.2,716.45,112932,18.05,Late (31-120 days)
L000425,13005,36 months,C,9.52,417.83,39906,12.55,Charged Off
L000426,19028,60 months,C,22.69,111.12,32840,11.27,Fully Paid
L000427,34430,36 months,C,20.7,669.03,123376,23.63,Fully Paid
L000428,3307,60 months,F,19.88,802.6,84302,14.45,Charged Off
L000429,9033,60 months,G,21.54,231.45,137653,22.46,Charged Off
L000430,22254,60 months,E,9.39,879.21,145976,14.97,Late (31-120 days)
L000431,5816,60 months,B,5.97,267.43,123857,9.38,Current
L000432,20129,36 months,E,22.04,427.27,126574,5.38,Charged Off
L000433,25264,36 months,E,23.58,421.12,32255,22.42,Late (31-120 days)
L000434,4171,60 months,F,23.25,784.95,160724,34.39,Charged Off
L000435,29034,36 months,B,23.2,427.64,95876,27.41,Charged Off
L000436,27815,36 months,C,9.1,427.59,160843,14.9,Current
L000437,2261,36 months,G,9.8,329.98,40304,14.06,Current
L000438,32057,60 months,C,14.09,426.86,165689,10.12,Fully Paid
L000439,5284,36 months,D,20.41,783.44,100781,15.03,Charged Off
L000440,31855,36 months,E,14.34,495.2,156511,13.15,Current
L000441,31216,36 months,E,17.28,285.27,53601,34.02,Charged Off
L000442,31457,60 months,B,15.32,655.02,154862,34.03,Fully Paid
L000443,24159,60 months,C,5.87,605.48,177213,14.73,Fully Paid
L000444,25175,36 months,F,10.1,131.01,36936,18.08,Late (31-120 days)
L000445,17174,60 months,G,5.26,382.47,158970,30.4,Charged Off
L000446,2941,36 months,G,18.86,390.72,44643,9.6,Fully Paid
L000447,20940,60 months,C,20.4,297.57,45099,17.45,Fully Paid
L000448,2941,36 months,E,19.32,491.44,175443,5.66,Late (31-120 days)
L000449,2362,60 months,D,20.37,169.35,107115,12.95,Fully Paid
L000450,30793,36 months,A,7.62,344.66,156521,5.03,Fully Paid
L000451,9867,36 months,E,7.66,326.34,93020,28.18,Charged Off
L000452,26079,36 months,A,15.73,741.98,44791,18.86,Charged Off
L000453,12588,36 months,F,23.81,282.73,34857,27.61,Charged Off
L000454,34222,60 months,A,20.86,388.85,115013,7.52,Late (31-120 days)
L000455,6413,36 months,G,15.03,515.85,87533,31.04,Late (31-120 days)
L000456,8372,60 months,E,17.95,405.13,159820,34.6,Charged Off
L000457,26045,60 months,G,23.69,272.64,49669,11.57,Charged Off
L000458,4425,36 months,C,13.03,548.39,49110,10.1,Charged Off
L000459,19543,60 months,A,9.56,618.7,34179,33.44,Fully Paid
L000460,33931,36 months,B,8.43,655.63,32332,21.28,Current
L000461,10089,60 months,A,23.35,499.78,148348,25.06,Late (31-120 days)
L000462,28270,36 months,G,13.37,154.32,72462,11.37,Late (31-120 days)
L000463,6830,60 months,G,22.8,565.9,164821,19.03,Late (31-120 days)
L000464,22576,60 months,D,14.01,719.97,134097,8.22,Current
L000465,26949,60 months,C,10.83,340.83,160712,12.11,Fully Paid
L000466,7724,60 months,G,5.29,143.31,151150,11.17,Late (31-120 days)
L000467,5634,60 months,G,12.89,546.69,55693,10.65,Fully Paid
L000468,21216,36 months,A,16.64,770.18,138967,24.53,Charged Off
L000469,1142,60 months,F,18.85,211.21,119401,32.73,Late (31-120 days)
L000470,22452,60 months,E,19.93,647.14,37330,23.6,Late (31-120 days)
L000471,19277,60 months,C,20.11,257.14,173131,30.22,Charged Off
L000472,21559,60 months,G,6.39,638.72,57792,19.75,Charged Off
L000473,21776,36 months,F,17.81,628.68,112534,15.88,Fully Paid
L000474,16482,36 months,F,11.3,312.95,154597,19.48,Late (31-120 days)
L000475,33292,36 months,C,22.81,794.0,102711,5.87,Fully Paid
L000476,1263,60 months,F,6.39,368.62,98003,18.92,Charged Off
L000477,18944,36 months,G,6.83,683.27,172096,19.16,Fully Paid
L000478,26812,60 months,D,13.41,767.8,108123,22.8,Fully Paid
L000479,24999,60 months,B,23.54,517.12,40116,32.89,Charged Off
L000480,33277,60 months,B,17.48,266.96,135136,18.09,Current
L000481,12516,60 months,B,12.33,557.02,177281,10.04,Current
L000482,18674,36 months,G,14.21,801.11,94417,27.98,Charged Off
L000483,28528,36 months,E,23.71,116.94,51941,30.49,Late (31-120 days)
L000484,32757,36 months,B,6.4,243.06,172994,28.69,Fully Paid
L000485,17489,36 months,C,5.22,602.83,48409,8.74,Charged Off
L000486,23114,60 months,B,7.77,339.85,88591,17.91,Late (31-120 days)
L000487,26614,60 months,A,10.93,149.22,100447,8.46,Late (31-120 days)
L000488,2431,60 months,F,13.28,748.97,67828,25.22,Late (31-120 days)
L000489,19458,36 months,A,16.74,394.39,114385,29.5,Fully Paid
L000490,24733,36 months,B,10.54,567.34,46511,23.93,Charged Off
L000491,31492,36 months,B,17.72,800.95,112304,22.63,Late (31-120 days)
L000492,8912,36 months,F,14.15,346.54,115602,5.92,Fully Paid
L000493,15260,60 months,C,22.44,81.61,34009,21.81,Charged Off
L000494,9765,60 months,F,10.95,688.96,140370,20.37,Current
L000495,6476,60 months,C,13.47,313.93,56132,23.18,Charged Off
L000496,26753,60 months,G,12.99,883.17,38561,28.44,Charged Off
L000497,8086,60 months,D,8.64,197.48,73932,24.92,Current
L000498,33682,60 months,F,16.72,200.33,57069,25.61,Charged Off
L000499,16960,36 months,B,21.96,852.09,121283,11.5,Late (31-120 days)
L000500,7684,60 months,A,20.69,157.11,162249,18.34,Current
L000501,5918,60 months,B,8.12,360.25,119272,12.43,Fully Paid
L000502,7822,36 months,C,21.46,706.91,174509,28.99,Current
L000503,1155,60 months,B,15.85,540.23,66882,33.48,Fully Paid
L000504,1142,36 months,A,18.9,772.55,53773,20.48,Late (31-120 days)
L000505,27718,36 months,D,7.61,349.59,42942,9.84,Current
L000506,26685,36 months,B,10.83,306.02,100911,33.92,Current
L000507,3475,36 months,A,17.35,520.8,102803,27.39,Current
L000508,20855,36 months,C,5.56,298.79,37180,17.75,Charged Off
L000509,31574,36 months,G,6.43,604.15,45897,11.89,Late (31-120 days)
L000510,15343,36 months,G,13.92,898.72,169598,22.87,Late (31-120 days)
L000511,4461,60 months,F,5.94,154.45,160612,21.34,Late (31-120 days)
L000512,18782,60 months,C,11.5,75.2,160343,20.82,Late (31-120 days)
L000513,19644,60 months,A,6.13,781.82,101598,15.46,Current
L000514,6854,36 months,E,10.28,130.22,99958,21.87,Fully Paid
L000515,34979,36 months,A,23.14,550.6,34502,23.31,Fully Paid
L000516,3486,36 months,C,13.45,589.29,119563,32.83,Late (31-120 days)
L000517,33058,60 months,D,10.48,211.82,158763,12.4,Charged Off
L000518,10848,60 months,B,10.26,253.44,128723,26.35,Current
L000519,11678,36 months,E,12.44,408.37,38048,16.56,Late (31-120 days)
L000520,12058,60 months,E,20.02,616.5,113505,23.33,Fully Paid
L000521,11003,36 months,D,16.08,469.22,98911,14.75,Charged Off
L000522,8505,60 months,G,12.18,355.52,158188,8.55,Charged Off
L000523,10928,60 months,A,23.6,75.83,76713,26.75,Charged Off
L000524,22952,36 months,F,18.1,358.54,62555,28.29,Charged Off
L000525,16181,60 months,B,10.14,271.49,124518,33.55,Fully Paid
L000526,30721,60 months,G,16.27,249.08,88777,12.6,Charged Off
L000527,25639,36 months,E,22.26,94.86,122410,19.5,Late (31-120 days)
L000528,5116,60 months,E,5.36,765.08,126079,18.75,Fully Paid
L000529,33243,60 months,D,8.77,385.14,175301,18.64,Current
L000530,17675,36 months,A,5.2,624.86,67705,27.48,Fully Paid
L000531,28565,36 months,F,21.86,619.0,145950,5.51,Late (31-120 days)
L000532,10958,60 months,G,21.29,131.34,177660,17.74,Charged Off
L000533,26858,60 months,E,16.45,88.23,167960,22.96,Current
L000534,19524,60 months,B,5.53,858.98,150731,26.31,Charged Off
L000535,18997,36 months,C,15.13,436.92,91688,33.42,Charged Off
L000536,15874,36 months,G,12.36,828.06,140755,24.23,Charged Off
L000537,12620,36 months,C,23.34,843.53,44011,25.19,Fully Paid
L000538,13738,36 months,C,18.96,873.06,117350,11.02,Fully Paid
L000539,6622,60 months,B,11.21,89.2,118506,9.54,Fully Paid
L000540,15106,36 months,G,13.85,199.57,145186,12.82,Charged Off
L000541,6563,60 months,F,23.29,273.21,36450,12.78,Charged Off
L000542,13061,60 months,F,13.07,648.73,153479,28.57,Fully Paid
L000543,4072,36 months,E,8.28,125.07,163805,24.33,Current
L000544,2869,36 months,A,9.65,488.29,142418,31.1,Current
L000545,1141,60 months,D,17.12,774.17,62640,6.21,Current
L000546,10359,60 months,F,11.74,196.8,177377,26.17,Charged Off
L000547,6919,60 months,A,21.62,896.85,135092,11.83,Current
L000548,1040,36 months,A,19.76,815.97,157336,22.46,Current
L000549,34999,36 months,E,15.29,138.72,142789,18.72,Late (31-120 days)
L000550,26315,36 months,B,15.97,579.88,96233,7.61,Fully Paid
L000551,26794,36 months,G,19.58,732.26,60668,25.81,Late (31-120 days)
L000552,19011,60 months,F,11.7,895.7,143155,17.69,Current
L000553,29533,60 months,C,6.98,60.89,25481,10.81,Late (31-120 days)
L000554,34519,36 months,D,7.83,250.76,84292,18.77,Charged Off
L000555,34353,36 months,G,16.53,416.66,134972,28.44,Charged Off
L000556,22550,36 months,A,20.82,361.48,120315,24.14,Charged Off
L000557,14777,60 months,E,8.82,844.88,174704,19.49,Charged Off
L000558,13556,60 months,F,16.42,91.75,75587,21.98,Charged Off
L000559,8928,36 months,C,8.63,674.02,134809,16.24,Fully Paid
L000560,25734,60 months,A,23.37,716.08,176573,26.69,Charged Off
L000561,23507,60 months,B,14.96,115.95,174504,19.89,Late (31-120 days)
L000562,2858,60 months,C,18.67,111.5,100987,12.08,Charged Off
L000563,20881,60 months,D,18.5,699.76,178622,10.87,Current
L000564,3122,60 months,F,23.02,184.71,93333,8.7,Charged Off
L000565,4747,60 months,C,7.83,170.57,78651,8.58,Fully Paid
L000566,24274,60 months,B,12.38,535.98,46986,10.77,Fully Paid
L000567,23052,36 months,A,12.68,141.33,167586,25.37,Late (31-120 days)
L000568,21473,36 months,C,7.56,857.95,101735,26.55,Current
L000569,13619,36 months,C,18.29,229.63,26437,33.41,Late (31-120 days)
L000570,1124,36 months,F,9.78,841.43,149199,20.08,Charged Off
L000571,9201,36 months,C,21.61,126.09,179130,20.23,Charged Off
L000572,22456,36 months,F,23.41,726.9,90245,18.37,Charged Off
L000573,24478,36 months,E,15.28,648.61,119819,12.44,Current
L000574,23770,36 months,A,6.79,567.81,74567,6.88,Fully Paid
L000575,29595,60 months,B,16.82,694.16,97575,18.32,Current
L000576,22025,60 months,A,6.91,392.32,90786,30.58,Current
L000577,31631,60 months,F,10.38,788.48,148883,26.69,Late (31-120 days)
L000578,9730,60 months,C,14.86,110.23,72048,18.2,Current
L000579,23471,60 months,G,20.25,455.01,37744,5.46,Late (31-120 days)
L000580,19993,36 months,F,12.95,552.12,154840,29.37,Current
L000581,20102,36 months,A,22.07,336.04,42242,30.7,Charged Off
L000582,5073,36 months,D,17.06,712.13,152926,17.69,Fully Paid
L000583,24258,36 months,G,18.03,720.51,137899,18.72,Charged Off
L000584,32991,36 months,F,10.33,368.05,84856,24.68,Current
L000585,32579,60 months,E,17.7,97.56,140940,22.44,Late (31-120 days)
L000586,22896,60 months,C,11.71,300.45,26809,18.62,Fully Paid
L000587,9552,60 months,A,20.93,872.35,38763,34.78,Fully Paid
L000588,5836,36 months,B,16.71,153.12,32105,13.96,Charged Off
L000589,34707,60 months,A,23.91,706.53,104001,6.55,Fully Paid
L000590,31881,60 months,C,19.71,164.54,168931,13.46,Current
L000591,26511,60 months,E,5.92,447.53,75661,21.0,Current
L000592,13045,36 months,E,15.75,862.36,75176,30.8,Current
L000593,8681,60 months,A,15.95,163.92,143676,7.5,Charged Off
L000594,13614,60 months,E,8.58,213.0,140839,22.64,Charged Off
L000595,5655,36 months,F,12.31,527.33,54642,31.86,Late (31-120 days)
L000596,11349,60 months,F,14.31,105.68,163108,17.86,Current
L000597,5346,60 months,D,12.03,707.99,103344,20.89,Current
L000598,29123,60 months,G,21.18,83.97,33821,11.96,Fully Paid
L000599,23074,36 months,C,19.26,156.29,50209,28.38,Charged Off
L000600,24669,60 months,E,9.75,707.26,125818,27.0,Fully Paid
L000601,33036,36 months,F,7.74,655.21,121035,29.24,Charged Off
L000602,12800,60 months,E,17.14,666.72,30231,17.28,Charged Off
L000603,30631,36 months,G,8.38,875.55,163885,33.9,Current
L000604,26715,36 months,D,5.94,111.8,130443,16.76,Late (31-120 days)
L000605,17591,60 months,G,5.84,175.33,87612,10.72,Fully Paid
L000606,26111,36 months,C,8.56,726.64,80827,12.31,Current
L000607,21613,36 months,D,6.96,455.45,70904,21.95,Current
L000608,17998,60 months,C,18.73,573.95,56166,21.93,Current
L000609,24883,60 months,C,19.18,333.87,75428,14.77,Charged Off
L000610,22002,60 months,C,17.07,69.15,82779,31.1,Fully Paid
L000611,30072,60 months,B,19.14,608.45,40457,31.45,Charged Off
L000612,17561,36 months,C,6.61,506.19,124286,10.79,Current
L000613,25217,36 months,D,21.93,66.88,133319,26.43,Charged Off
L000614,2347,60 months,D,11.05,163.69,79140,28.7,Current
L000615,5521,36 months,D,10.23,708.23,158535,34.02,Charged Off
L000616,27711,60 months,E,16.86,382.33,43313,32.69,Charged Off
L000617,31625,60 months,G,22.22,300.08,98501,15.11,Current
L000618,6893,60 months,B,17.06,253.25,86863,17.0,Charged Off
L000619,3239,60 months,G,11.8,283.53,160004,19.81,Late (31-120 days)
L000620,6161,60 months,B,5.89,427.6,139961,34.05,Fully Paid
L000621,9177,36 months,G,19.92,371.29,157887,5.69,Charged Off
L000622,17376,60 months,E,21.01,498.53,130034,28.85,Charged Off
L000623,7593,36 months,D,20.47,574.18,103057,18.56,Charged Off
L000624,9870,60 months,A,23.11,282.29,70253,22.99,Current
L000625,3169,60 months,E,20.3,596.81,100910,31.29,Late (31-120 days)
L000626,32598,60 months,A,14.25,87.68,150473,34.71,Fully Paid
L000627,14527,36 months,F,9.47,90.09,178157,6.4,Current
L000628,17635,36 months,A,15.87,100.16,114400,12.94,Current
L000629,26424,60 months,C,17.21,90.16,123290,29.28,Charged Off
L000630,34511,60 months,B,11.42,52.43,57050,19.91,Current
L000631,16620,60 months,A,13.92,494.42,73678,16.68,Current
L000632,20631,36 months,G,13.75,862.3,172243,9.41,Fully Paid
L000633,1104,36 months,F,18.03,725.9,163679,17.99,Charged Off
L000634,24503,60 months,E,8.48,688.21,122106,9.22,Fully Paid
L000635,5135,60 months,F,23.29,564.45,46645,17.75,Charged Off
L000636,28308,60 months,A,6.03,872.28,149191,8.61,Fully Paid
L000637,34681,60 months,F,18.93,325.2,63232,25.54,Current
L000638,7106,60 months,E,16.62,382.12,78339,15.27,Charged Off
L000639,8142,60 months,G,16.17,475.38,48738,28.24,Late (31-120 days)
L000640,34350,60 months,D,10.29,189.72,84058,21.11,Late (31-120 days)
L000641,25566,36 months,G,20.54,445.21,163898,15.25,Current
L000642,21084,36 months,G,23.89,328.72,160756,18.58,Late (31-120 days)
L000643,20973,36 months,B,13.85,131.35,37553,25.47,Fully Paid
L000644,21510,60 months,A,22.22,55.95,116204,14.47,Current
L000645,24125,60 months,B,18.75,755.94,173993,23.06,Charged Off
L000646,19390,36 months,A,10.52,416.92,61714,27.71,Late (31-120 days)
L000647,29263,60 months,G,6.0,459.56,121544,8.79,Fully Paid
L000648,19244,36 months,A,20.53,644.8,104879,29.88,Current
L000649,31105,60 months,E,6.8,553.36,68924,21.38,Current
L000650,31015,36 months,G,18.6,218.25,93503,19.7,Charged Off
L000651,32507,60 months,D,19.28,84.53,66658,12.18,Late (31-120 days)
L000652,13167,60 months,C,18.75,202.67,172181,15.91,Late (31-120 days)
L000653,19478,60 months,E,14.99,361.45,90728,11.87,Current
L000654,4045,36 months,A,15.37,516.02,46651,23.8,Current
L000655,29709,36 months,D,8.38,605.27,159824,10.03,Fully Paid
L000656,26886,36 months,A,6.74,578.04,54625,17.79,Fully Paid
L000657,32796,60 months,B,6.91,470.26,36169,13.45,Fully Paid
L000658,21647,36 months,B,14.87,675.07,123968,30.07,Late (31-120 days)
L000659,5759,60 months,G,8.87,502.51,97422,12.64,Charged Off
L000660,27869,36 months,D,15.47,815.17,134526,17.05,Fully Paid
L000661,26258,60 months,F,21.37,795.18,109637,20.07,Current
L000662,27525,36 months,B,8.37,789.52,90265,8.63,Fully Paid
L000663,27248,36 months,B,11.35,745.78,179231,18.4,Current
L000664,30503,60 months,F,13.21,835.87,103266,23.12,Fully Paid
L000665,34728,36 months,C,7.86,535.76,30567,34.28,Current
L000666,31218,36 months,G,22.72,523.08,71876,31.33,Charged Off
L000667,21517,36 months,C,14.64,818.33,166603,19.18,Fully Paid
L000668,19850,60 months,F,8.89,760.25,105434,22.2,Fully Paid
L000669,12588,60 months,A,7.56,851.57,150360,21.18,Charged Off
L000670,27651,36 months,A,8.73,670.22,91276,19.73,Current
L000671,16162,60 months,B,12.48,199.65,57436,14.13,Late (31-120 days)
L000672,10718,36 months,G,13.66,182.94,41235,16.88,Charged Off
L000673,26247,60 months,F,16.21,328.2,41334,13.76,Current
L000674,24867,60 months,E,15.73,619.44,167151,24.45,Charged Off
L000675,28702,60 months,D,8.51,691.07,100548,18.82,Fully Paid
L000676,5849,36 months,A,20.83,506.2,94411,18.15,Current
L000677,31971,36 months,A,6.52,97.36,102059,29.1,Current
L000678,5462,36 months,D,11.59,217.82,108432,15.65,Charged Off
L000679,18481,36 months,E,7.71,448.9,155608,28.48,Charged Off
L000680,30386,36 months,D,7.73,129.61,100902,14.35,Charged Off
L000681,1605,36 months,D,16.54,187.03,50689,31.69,Fully Paid
L000682,19667,36 months,C,7.0,872.0,63071,33.09,Fully Paid
L000683,2995,60 months,A,8.16,550.41,146993,24.65,Late (31-120 days)
L000684,21259,36 months,A,23.88,142.68,164220,9.46,Late (31-120 days)
L000685,29269,36 months,B,15.0,700.43,38958,10.15,Current
L000686,11111,60 months,A,16.93,235.95,172856,33.52,Late (31-120 days)
L000687,15379,36 months,B,15.34,744.14,135125,27.85,Fully Paid
L000688,13161,60 months,F,7.44,451.97,161304,32.56,Charged Off
L000689,12347,60 months,B,15.81,424.57,159673,26.28,Current
L000690,28014,36 months,A,8.75,381.01,75554,29.0,Charged Off
L000691,4015,60 months,G,14.67,854.51,60214,22.46,Charged Off
L000692,15603,60 months,C,9.19,284.75,124293,16.81,Current
L000693,13263,36 months,C,17.3,512.2,163041,22.59,Late (31-120 days)
L000694,6193,60 months,D,23.15,123.3,116676,34.3,Charged Off
L000695,5209,60 months,E,22.57,84.72,157015,28.08,Late (31-120 days)
L000696,33194,36 months,C,7.34,703.89,54610,20.54,Current
L000697,25117,36 months,G,11.29,221.3,35878,17.18,Fully Paid
L000698,1090,36 months,G,7.96,342.94,99292,10.14,Fully Paid
L000699,25388,36 months,G,12.97,841.03,46288,28.3,Late (31-120 days)
L000700,17071,36 months,E,16.14,402.29,124179,13.65,Current
L000701,27664,36 months,G,16.35,149.9,106892,8.4,Fully Paid
L000702,16870,60 months,B,19.69,253.48,139834,16.72,Current
L000703,29908,36 months,D,12.48,122.22,149459,17.79,Fully Paid
L000704,1280,60 months,B,8.99,600.13,121270,32.98,Current
L000705,13367,36 months,B,17.34,406.5,31002,7.98,Fully Paid
L000706,23942,36 months,G,15.11,392.39,64837,7.26,Late (31-120 days)
L000707,29789,36 months,G,22.0,182.16,119593,17.83,Late (31-120 days)
L000708,21413,36 months,A,11.46,694.6,107521,34.85,Late (31-120 days)
L000709,32454,36 months,F,10.43,575.48,120295,15.63,Late (31-120 days)
L000710,23176,36 months,B,16.85,235.28,52626,15.11,Fully Paid
L000711,2415,36 months,B,22.92,505.59,68556,18.7,Late (31-120 days)
L000712,22262,36 months,G,15.0,137.19,27863,27.76,Current
L000713,28455,60 months,E,6.27,407.98,72964,5.59,Current
L000714,30100,36 months,G,16.81,430.16,141207,5.44,Fully Paid
L000715,19151,60 months,G,7.81,407.83,33800,19.88,Late (31-120 days)
L000716,28863,36 months,B,14.5,331.7,151449,14.14,Current
L000717,18925,60 months,E,7.45,824.49,47517,25.79,Fully Paid
L000718,9199,60 months,C,10.52,407.45,101653,31.47,Fully Paid
L000719,13032,60 months,G,15.62,224.71,119840,27.29,Charged Off
L000720,9964,36 months,A,14.49,120.06,119327,14.72,Fully Paid
L000721,24642,36 months,A,7.98,230.42,47420,34.37,Charged Off
L000722,27132,36 months,F,17.73,747.66,119580,17.48,Charged Off
L000723,25448,36 months,F,10.93,771.25,174747,23.14,Fully Paid
L000724,1974,60 months,D,19.82,120.37,75409,19.11,Late (31-120 days)
L000725,26650,36 months,D,19.12,676.07,67486,10.88,Late (31-120 days)
L000726,12079,60 months,D,16.8,259.25,126558,21.15,Fully Paid
L000727,16371,36 months,D,9.81,797.17,84332,12.08,Fully Paid
L000728,9107,60 months,F,17.15,402.19,28431,13.75,Current
L000729,4310,60 months,A,23.13,710.66,130641,18.02,Fully Paid
L000730,6067,60 months,D,10.31,361.81,59708,28.48,Charged Off
L000731,21232,36 months,F,16.37,162.99,52451,13.78,Fully Paid
L000732,26680,60 months,E,8.7,654.42,45505,8.41,Charged Off
L000733,12439,60 months,A,20.76,492.42,109192,9.73,Fully Paid
L000734,4422,60 months,F,18.49,276.9,37051,9.14,Current
L000735,13293,36 months,B,9.11,594.46,148495,27.37,Fully Paid
L000736,34039,36 months,G,18.53,507.4,71493,17.73,Current
L000737,15170,60 months,E,11.19,531.38,131751,13.62,Current
L000738,8168,60 months,C,8.02,486.86,45702,19.97,Fully Paid
L000739,32762,60 months,E,8.33,392.26,161738,33.94,Charged Off
L000740,33663,60 months,B,11.22,425.11,148822,34.59,Charged Off
L000741,33414,36 months,A,20.14,355.71,95441,17.36,Charged Off
L000742,15681,36 months,E,10.48,297.93,28120,16.58,Charged Off
L000743,24980,60 months,A,12.71,193.96,135431,26.39,Current
L000744,27294,60 months,F,18.95,381.94,164806,26.85,Fully Paid
L000745,7587,36 months,G,20.26,700.61,30303,17.49,Charged Off
L000746,33540,36 months,G,15.84,441.23,138596,19.03,Late (31-120 days)
L000747,9700,36 months,D,12.43,116.61,100312,16.0,Fully Paid
L000748,29863,36 months,F,21.97,826.55,41393,13.92,Charged Off
L000749,15706,36 months,A,12.69,206.88,94701,17.24,Current
L000750,23881,36 months,E,18.54,256.0,144945,12.73,Fully Paid
L000751,16939,60 months,C,22.91,545.3,129247,6.39,Current
L000752,16533,36 months,B,9.57,83.72,144102,25.53,Charged Off
L000753,4821,60 months,D,15.06,140.93,135109,29.29,Late (31-120 days)
L000754,30153,60 months,E,19.87,707.82,33310,15.95,Current
L000755,30589,60 months,D,11.57,899.41,132799,19.43,Fully Paid
L000756,32300,60 months,G,12.08,135.5,94028,27.41,Late (31-120 days)
L000757,4522,60 months,F,7.88,643.16,62967,22.7,Current
L000758,9863,60 months,F,18.05,750.88,48280,5.04,Fully Paid
L000759,23390,36 months,A,5.99,554.05,151793,19.03,Charged Off
L000760,7494,36 months,E,7.8,342.29,80739,13.62,Charged Off
L000761,34340,36 months,A,10.93,721.39,77181,8.0,Fully Paid
L000762,2374,60 months,B,21.78,266.08,98002,9.28,Fully Paid
L000763,4423,60 months,A,12.83,632.06,122254,30.75,Fully Paid
L000764,31479,60 months,C,19.94,145.43,91510,6.9,Charged Off
L000765,15612,60 months,E,5.66,550.16,97287,29.64,Fully Paid
L000766,25933,60 months,A,15.42,707.45,98628,28.89,Fully Paid
L000767,21756,60 months,G,14.36,893.47,160571,15.12,Charged Off
L000768,19017,36 months,E,14.55,873.21,71188,5.04,Late (31-120 days)
L000769,11714,36 months,B,7.28,732.75,157612,23.92,Late (31-120 days)
L000770,26401,36 months,G,15.39,406.73,99070,30.1,Late (31-120 days)
L000771,30661,36 months,C,10.47,496.18,35942,7.66,Current
L000772,33805,60 months,A,6.81,194.25,98490,7.42,Fully Paid
L000773,16227,60 months,F,20.22,602.74,57782,6.4,Charged Off
L000774,9005,60 months,C,9.1,426.77,168293,15.57,Charged Off
L000775,9132,60 months,A,18.69,138.17,139591,26.05,Late (31-120 days)
L000776,1568,60 months,B,7.93,569.27,135522,10.56,Fully Paid
L000777,30609,60 months,G,15.99,526.14,75175,33.26,Charged Off
L000778,10639,36 months,E,21.85,148.26,104244,8.01,Charged Off
L000779,8886,36 months,A,16.97,842.01,123311,12.44,Fully Paid
L000780,23781,36 months,G,15.61,779.99,66011,6.92,Fully Paid
L000781,4473,60 months,B,9.82,296.7,77941,17.73,Current
L000782,21837,36 months,D,20.72,638.71,167000,18.75,Charged Off
L000783,10857,36 months,B,18.18,832.34,49165,11.93,Fully Paid
L000784,30626,60 months,E,20.25,58.52,81663,10.1,Charged Off
L000785,10182,36 months,D,8.66,442.91,159589,28.99,Fully Paid
L000786,12622,60 months,E,5.09,392.54,141979,14.26,Fully Paid
L000787,19309,36 months,D,19.0,571.29,134231,33.46,Late (31-120 days)
L000788,20028,36 months,B,7.32,490.62,90903,9.9,Fully Paid
L000789,28855,36 months,F,14.54,628.33,163149,15.03,Current
L000790,6355,36 months,E,6.63,749.39,65900,17.3,Charged Off
L000791,28270,36 months,G,14.92,98.25,166978,31.67,Late (31-120 days)
L000792,33230,60 months,B,23.9,747.51,96323,34.99,Late (31-120 days)
L000793,25891,36 months,E,8.06,233.68,98503,7.31,Current
L000794,23134,60 months,F,10.63,86.14,163057,26.07,Late (31-120 days)
L000795,27026,36 months,B,17.74,61.43,98476,25.69,Charged Off
L000796,15522,60 months,F,12.01,410.71,106756,26.35,Charged Off
L000797,4759,36 months,A,15.74,172.54,39095,15.93,Fully Paid
L000798,3686,36 months,B,17.78,591.26,112842,28.3,Charged Off
L000799,5277,60 months,G,19.93,233.25,134668,23.7,Fully Paid
L000800,4098,60 months,B,11.06,505.91,133060,25.1,Late (31-120 days)
L000801,30028,60 months,G,6.67,792.11,139438,15.2,Charged Off
L000802,18958,36 months,C,11.76,869.32,75967,10.83,Late (31-120 days)
L000803,30528,60 months,F,22.36,516.51,54425,27.85,Charged Off
L000804,15759,36 months,F,5.86,698.83,131878,18.65,Charged Off
L000805,26726,36 months,D,12.83,812.87,35655,32.64,Charged Off
L000806,8176,36 months,B,23.19,888.86,71779,18.84,Fully Paid
L000807,10342,36 months,D,13.57,557.41,87817,14.8,Fully Paid
L000808,5833,36 months,A,7.91,260.04,170237,26.24,Charged Off
L000809,11717,60 months,C,16.45,79.03,170971,20.9,Charged Off
L000810,4810,60 months,A,14.28,490.28,88440,7.7,Fully Paid
L000811,7741,60 months,C,5.36,715.79,137174,33.66,Current
L000812,16059,60 months,E,20.17,770.22,69404,13.19,Charged Off
L000813,22873,60 months,G,10.7,53.23,93389,27.2,Charged Off
L000814,32766,36 months,D,22.96,662.16,79381,10.31,Charged Off
L000815,3903,36 months,E,11.52,825.9,81004,10.32,Fully Paid
L000816,16423,36 months,G,16.29,758.1,41397,31.92,Late (31-120 days)
L000817,27335,60 months,D,11.03,738.19,139545,5.4,Late (31-120 days)
L000818,10107,36 months,C,22.41,370.78,34622,11.13,Fully Paid
L000819,17083,60 months,A,8.18,510.84,69094,32.79,Charged Off
L000820,1228,36 months,E,8.44,549.46,143104,25.58,Current
L000821,8262,60 months,C,22.53,475.52,101479,13.0,Fully Paid
L000822,9670,60 months,G,17.05,781.91,119040,6.44,Charged Off
L000823,8913,36 months,G,16.47,327.65,117399,30.18,Fully Paid
L000824,33343,60 months,E,23.2,758.3,111929,10.9,Late (31-120 days)
L000825,34146,36 months,D,10.76,388.3,69484,17.99,Current
L000826,18093,36 months,E,11.21,394.78,84412,5.78,Late (31-120 days)
L000827,3863,60 months,G,15.49,380.38,178298,31.04,Charged Off
L000828,6150,36 months,E,15.95,897.09,169162,11.59,Charged Off
L000829,5932,36 months,G,11.66,464.47,95144,34.48,Fully Paid
L000830,28122,60 months,B,16.33,568.41,65943,31.6,Fully Paid
L000831,7767,36 months,E,5.74,561.87,97947,9.53,Current
L000832,32254,60 months,F,19.64,476.31,40993,34.48,Charged Off
L000833,2843,60 months,G,11.64,456.54,70769,26.37,Fully Paid
L000834,15677,36 months,B,8.96,181.8,29226,22.1,Current
L000835,9746,36 months,A,16.68,223.03,65793,32.61,Current
L000836,8438,36 months,A,5.98,171.48,130497,18.64,Fully Paid
L000837,31535,60 months,E,16.48,525.32,131996,32.66,Late (31-120 days)
L000838,14203,36 months,C,16.61,153.1,47781,28.39,Late (31-120 days)
L000839,4546,60 months,F,7.17,428.63,50105,11.81,Charged Off
L000840,19529,36 months,F,16.62,635.11,176119,24.39,Current
L000841,32047,60 months,C,18.49,685.91,154097,28.99,Fully Paid
L000842,33709,36 months,E,20.19,222.68,123413,25.04,Current
L000843,2203,60 months,E,12.2,877.63,62644,23.56,Current
L000844,14599,60 months,A,15.12,102.82,111436,23.71,Current
L000845,16311,36 months,B,14.04,263.69,62992,17.08,Fully Paid
L000846,7458,60 months,G,12.92,812.92,136604,11.98,Charged Off
L000847,12685,36 months,A,17.56,567.31,104077,18.97,Late (31-120 days)
L000848,8122,60 months,D,10.02,775.07,170966,7.01,Fully Paid
L000849,2199,36 months,D,17.78,299.92,101811,31.2,Current
L000850,25432,36 months,F,6.17,638.06,30049,32.63,Current
L000851,20600,60 months,D,13.86,878.15,34181,15.99,Charged Off
L000852,1559,36 months,B,19.71,631.87,169418,6.59,Fully Paid
L000853,23148,60 months,G,15.59,233.63,133963,31.2,Charged Off
L000854,3464,36 months,G,13.94,447.85,117209,19.09,Fully Paid
L000855,11997,60 months,B,7.28,688.41,54118,16.3,Late (31-120 days)
L000856,26134,36 months,G,23.36,475.53,55089,16.62,Late (31-120 days)
L000857,2076,60 months,E,12.73,611.48,90268,6.81,Charged Off
L000858,14061,36 months,E,13.7,211.99,111992,16.63,Late (31-120 days)
L000859,17570,36 months,C,12.49,875.43,106930,24.08,Charged Off
L000860,12703,60 months,D,7.27,238.46,104010,6.83,Fully Paid
L000861,28934,60 months,B,17.56,368.74,27298,29.3,Fully Paid
L000862,9034,36 months,F,6.14,347.79,125133,5.84,Charged Off
L000863,28686,36 months,A,16.81,194.81,178706,24.86,Current
L000864,24107,60 months,C,6.71,123.8,119947,16.07,Fully Paid
L000865,18356,60 months,C,5.91,654.61,152258,17.62,Fully Paid
L000866,30452,60 months,C,20.97,814.97,145790,10.1,Charged Off
L000867,32087,60 months,D,18.57,309.86,43697,5.08,Current
L000868,7727,36 months,D,19.46,390.3,179754,21.42,Late (31-120 days)
L000869,5902,36 months,G,19.46,754.85,161945,9.65,Charged Off
L000870,2414,36 months,F,19.87,794.41,133044,30.81,Charged Off
L000871,27494,60 months,C,18.89,871.95,105864,21.83,Late (31-120 days)
L000872,29143,60 months,C,10.45,272.04,114590,13.45,Current
L000873,19848,36 months,D,17.5,887.83,27083,23.42,Charged Off
L000874,33709,60 months,F,20.63,400.55,103977,22.48,Fully Paid
L000875,4278,60 months,G,9.63,479.69,161290,7.16,Charged Off
L000876,3051,60 months,A,6.41,436.93,31542,14.53,Fully Paid
L000877,14859,60 months,D,21.6,134.61,85909,27.51,Charged Off
L000878,21535,60 months,D,5.25,465.59,29041,28.46,Fully Paid
L000879,3951,36 months,C,22.27,794.26,148700,23.69,Fully Paid
L000880,11505,36 months,E,19.55,360.97,126678,7.8,Current
L000881,29865,60 months,G,13.59,796.12,89897,9.23,Current
L000882,34774,36 months,B,5.71,337.22,54349,28.92,Charged Off
L000883,24701,60 months,D,17.97,519.36,160086,34.19,Late (31-120 days)
L000884,3639,60 months,C,15.13,799.43,36282,27.23,Late (31-120 days)
L000885,33371,36 months,B,15.09,258.91,122379,20.91,Current
L000886,26700,60 months,A,18.27,116.83,42700,25.0,Late (31-120 days)
L000887,23569,60 months,B,11.74,899.51,101776,6.36,Fully Paid
L000888,23005,36 months,C,21.89,386.97,155919,28.88,Late (31-120 days)
L000889,3248,60 months,D,11.49,703.23,176621,14.8,Charged Off
L000890,17157,60 months,C,21.26,158.72,175139,14.27,Charged Off
L000891,27139,36 months,G,22.08,353.29,165769,12.32,Charged Off
L000892,32241,60 months,E,10.26,823.33,112795,24.64,Late (31-120 days)
L000893,15546,36 months,F,10.03,153.62,103447,9.3,Fully Paid
L000894,1748,36 months,D,23.37,738.45,81124,17.01,Charged Off
L000895,29064,60 months,C,18.22,740.58,107015,20.63,Current
L000896,27616,60 months,D,13.93,794.84,132146,33.65,Late (31-120 days)
L000897,15187,36 months,D,20.55,616.97,58224,23.5,Charged Off
L000898,8475,60 months,D,8.06,467.99,153880,21.46,Current
L000899,12940,36 months,B,7.93,436.64,43349,15.9,Current
L000900,34219,60 months,E,8.87,434.82,155954,25.81,Charged Off
L000901,33480,60 months,E,12.11,828.97,80775,12.37,Fully Paid
L000902,17782,60 months,E,7.51,610.25,171008,33.87,Charged Off
L000903,18897,36 months,A,17.43,402.08,115020,8.84,Fully Paid
L000904,17154,36 months,D,16.41,133.91,144496,18.62,Charged Off
L000905,33416,36 months,C,10.01,244.9,124093,16.13,Fully Paid
L000906,25848,60 months,C,13.72,51.15,176395,9.75,Fully Paid
L000907,7556,60 months,D,10.64,511.71,36972,31.44,Fully Paid
L000908,25168,36 months,G,12.75,677.2,73483,14.17,Charged Off
L000909,31496,60 months,B,18.85,485.96,101464,29.82,Fully Paid
L000910,24906,60 months,C,7.51,698.2,80900,16.46,Fully Paid
L000911,30056,60 months,G,15.56,127.14,133215,12.0,Charged Off
L000912,20990,36 months,D,8.24,434.12,104684,8.36,Fully Paid
L000913,20803,60 months,A,6.29,648.13,45655,23.05,Charged Off
L000914,14493,60 months,C,5.47,185.73,90674,16.31,Current
L000915,13879,36 months,C,6.92,326.79,120820,30.31,Fully Paid
L000916,26395,36 months,A,10.39,545.81,164578,6.62,Current
L000917,4605,60 months,G,10.19,260.78,114079,9.89,Late (31-120 days)
L000918,6656,36 months,C,19.66,249.75,51014,7.13,Fully Paid
L000919,6718,36 months,G,15.04,555.13,113962,28.04,Current
L000920,7370,36 months,C,17.94,702.34,169072,9.92,Late (31-120 days)
L000921,19821,60 months,F,20.84,588.62,171525,26.17,Fully Paid
L000922,26197,60 months,B,16.34,341.16,39690,28.96,Charged Off
L000923,32566,36 months,A,14.65,655.45,82452,13.42,Fully Paid
L000924,10987,36 months,A,17.71,541.39,152783,9.95,Fully Paid
L000925,19495,60 months,F,8.29,114.42,135755,31.94,Current
L000926,15737,36 months,E,13.04,622.48,102273,16.06,Current
L000927,19206,36 months,E,20.44,640.87,170156,29.02,Charged Off
L000928,3235,36 months,F,7.34,281.26,92496,12.66,Current
L000929,20220,36 months,C,23.32,468.41,107464,13.68,Late (31-120 days)
L000930,1206,60 months,G,6.34,247.99,163525,33.66,Charged Off
L000931,12108,60 months,A,19.98,492.34,131923,8.58,Fully Paid
L000932,1907,60 months,E,5.32,350.06,162001,30.29,Fully Paid
L000933,20037,60 months,C,19.31,215.96,120890,7.71,Charged Off
L000934,21992,36 months,D,9.71,481.44,72924,7.38,Charged Off
L000935,15358,36 months,C,13.86,69.02,46559,8.25,Charged Off
L000936,15262,60 months,A,9.9,308.16,135057,18.83,Fully Paid
L000937,11375,60 months,E,15.84,858.93,113961,11.05,Fully Paid
L000938,22350,36 months,G,19.34,735.44,49669,14.21,Charged Off
L000939,5396,60 months,F,8.58,737.1,75789,20.54,Charged Off
L000940,31648,36 months,C,20.15,682.22,129772,7.63,Fully Paid
L000941,31550,60 months,F,6.61,839.79,119464,20.73,Fully Paid
L000942,22871,60 months,A,5.8,201.58,74402,30.72,Fully Paid
L000943,34781,60 months,G,14.02,408.43,78265,27.45,Current
L000944,5688,60 months,D,6.24,664.09,176717,5.77,Current
L000945,4500,36 months,F,10.58,180.14,70005,20.24,Charged Off
L000946,25381,60 months,D,16.5,105.96,138946,26.66,Late (31-120 days)
L000947,14763,60 months,A,5.5,254.14,61149,8.83,Fully Paid
L000948,23052,60 months,E,16.59,800.34,132727,10.37,Fully Paid
L000949,23573,36 months,G,16.84,257.71,75945,15.91,Late (31-120 days)
L000950,8782,36 months,C,9.32,426.37,102965,25.84,Fully Paid
L000951,10762,36 months,D,11.48,611.23,49118,24.94,Charged Off
L000952,33471,36 months,D,23.33,815.94,31876,25.5,Late (31-120 days)
L000953,6555,36 months,B,23.76,324.36,149401,22.36,Late (31-120 days)
L000954,26049,36 months,A,21.82,695.86,155208,22.36,Current
L000955,21087,36 months,E,15.48,585.43,158895,27.44,Current
L000956,28180,36 months,D,11.31,594.46,41135,28.37,Late (31-120 days)
L000957,18147,36 months,C,7.83,633.6,55210,16.62,Late (31-120 days)
L000958,23943,36 months,C,23.8,246.31,150723,12.22,Current
L000959,4643,36 months,E,7.16,123.29,42712,32.84,Fully Paid
L000960,4643,36 months,C,6.27,795.58,61631,33.53,Charged Off
L000961,10188,36 months,A,12.04,142.72,92263,16.0,Charged Off
L000962,6950,36 months,E,22.32,759.35,165104,26.79,Charged Off
L000963,13282,60 months,B,5.69,618.6,107363,18.08,Fully Paid
L000964,30211,60 months,F,18.93,170.01,167604,34.06,Charged Off
L000965,22433,60 months,G,6.14,464.69,73437,11.31,Fully Paid
L000966,13405,60 months,G,16.0,177.14,154750,30.75,Late (31-120 days)
L000967,23475,60 months,E,23.1,283.72,54188,19.83,Late (31-120 days)
L000968,3379,60 months,F,14.62,834.0,37115,6.62,Fully Paid
L000969,4458,36 months,C,18.35,782.31,91261,15.92,Charged Off
L000970,7184,36 months,E,11.1,223.58,95233,26.07,Charged Off
L000971,4973,36 months,E,22.79,641.2,174208,25.41,Charged Off
L000972,28709,36 months,G,9.91,392.83,27415,11.25,Charged Off
L000973,11118,60 months,A,6.62,869.45,154301,12.7,Fully Paid
L000974,19963,60 months,C,13.78,424.89,33305,9.76,Late (31-120 days)
L000975,12652,60 months,D,21.32,469.56,101087,28.96,Charged Off
L000976,10090,36 months,A,5.39,505.52,122869,24.57,Fully Paid
L000977,2982,60 months,G,14.56,354.47,138981,32.07,Charged Off
L000978,25853,60 months,F,17.47,228.48,155797,24.88,Charged Off
L000979,31766,60 months,G,7.88,605.5,125248,10.3,Charged Off
L000980,10188,60 months,F,18.88,531.49,86379,14.23,Current
L000981,24634,60 months,G,12.26,893.12,164416,8.65,Charged Off
L000982,16243,36 months,A,10.79,300.86,160796,34.42,Current
L000983,2777,60 months,C,20.75,227.5,112145,21.1,Current
L000984,10939,60 months,F,22.57,133.89,150324,21.02,Late (31-120 days)
L000985,9283,36 months,G,15.98,515.61,158165,16.96,Late (31-120 days)
L000986,12006,60 months,C,12.75,321.0,34484,7.08,Current
L000987,32728,60 months,G,8.32,110.77,133966,28.51,Current
L000988,23413,36 months,B,6.14,835.49,106596,24.34,Current
L000989,20400,36 months,G,16.09,682.38,135582,28.96,Charged Off
L000990,22151,36 months,E,15.67,195.21,138191,33.29,Late (31-120 days)
L000991,24533,60 months,F,17.67,786.61,108987,34.72,Fully Paid
L000992,16105,36 months,D,19.93,757.69,118713,13.54,Fully Paid
L000993,11699,36 months,A,15.01,634.01,139436,17.54,Current
L000994,6397,60 months,E,5.96,470.09,109992,7.22,Current
L000995,21702,60 months,C,22.0,720.5,71430,10.46,Current
L000996,3789,60 months,C,5.49,566.41,52703,20.05,Late (31-120 days)
L000997,14109,36 months,E,19.77,182.14,63008,5.26,Current
L000998,25214,60 months,D,10.09,433.5,101788,12.57,Late (31-120 days)
L000999,13537,60 months,B,5.86,71.67,171304,9.0,Fully Paid
L001000,2509,60 months,B,21.02,178.99,32953,24.23,Current
